part,image,gt,yolo11l_1280,yolo11l_1280__n_det,yolo11l_1280__mean_conf,yolo11l_1280__overlap_share,yolo11l_1280__mean_box_h,yolo11l_tiled640,yolo11l_tiled640__n_det,yolo11l_tiled640__mean_conf,yolo11l_tiled640__overlap_share,yolo11l_tiled640__mean_box_h,phd_heads,phd_persons,phd_heads__n_det,phd_heads__mean_conf,phd_heads__overlap_share,phd_heads__mean_box_h,clipebc_window,clipebc_whole,band
A,IMG_1.jpg,172,28,28,0.5679196119308472,0.07142857142857142,175.03976440429688,22,22,0.5771605968475342,0.09090909090909091,189.20535278320312,60,44,60,0.46446192264556885,0.06666666666666667,22.913793563842773,241.48851013183594,238.60777282714844,50-200
A,IMG_2.jpg,1111,10,10,0.3119833171367645,0.0,93.43805694580078,8,8,0.3189082741737366,0.0,83.05973434448242,136,124,136,0.33375898003578186,0.029411764705882353,16.427841186523438,1329.733642578125,1322.9501953125,>=500
A,IMG_3.jpg,297,20,20,0.47339239716529846,0.45,98.1037826538086,11,11,0.44986703991889954,0.0,99.0160799893466,42,35,42,0.5205018520355225,0.0,37.10803985595703,540.3320922851562,531.4136962890625,200-500
A,IMG_4.jpg,170,16,16,0.4355350136756897,0.0,97.39292907714844,8,8,0.30514776706695557,0.0,103.17730331420898,46,42,46,0.38280466198921204,0.0,18.98393440246582,162.23403930664062,154.4705047607422,50-200
A,IMG_5.jpg,817,4,4,0.3159140348434448,0.0,71.267578125,7,7,0.29316964745521545,0.0,105.64193725585938,12,9,12,0.2528913915157318,0.0,24.943504333496094,806.69189453125,798.850341796875,>=500
A,IMG_6.jpg,361,23,23,0.3779049217700958,0.17391304347826086,112.28190612792969,20,20,0.44881534576416016,0.2,98.49366912841796,136,83,136,0.40238767862319946,0.014705882352941176,29.077564239501953,395.046875,394.6282958984375,200-500
A,IMG_7.jpg,568,19,19,0.46350765228271484,0.21052631578947367,150.75454711914062,11,11,0.5625731945037842,0.0,146.6760586825284,22,21,22,0.373626708984375,0.09090909090909091,31.424901962280273,649.7178344726562,654.258544921875,>=500
A,IMG_8.jpg,1326,15,15,0.637975811958313,0.0,114.08524322509766,24,24,0.5895617604255676,0.6666666666666666,91.40292358398438,33,28,33,0.46268293261528015,0.09090909090909091,41.01311492919922,1012.9596557617188,1004.300048828125,>=500
A,IMG_9.jpg,371,17,17,0.5420884490013123,0.11764705882352941,222.53599548339844,15,15,0.5870994925498962,0.13333333333333333,228.2773895263672,16,17,16,0.4298650324344635,0.0,83.73100280761719,315.63653564453125,315.3064270019531,200-500
A,IMG_10.jpg,502,19,19,0.5008696913719177,0.0,121.713623046875,23,23,0.46532514691352844,0.0,114.27332073709239,45,82,45,0.340379923582077,0.044444444444444446,16.83455467224121,446.4115905761719,439.85723876953125,>=500
A,IMG_11.jpg,1068,14,14,0.3402401804924011,0.0,102.58136749267578,12,12,0.33299413323402405,0.3333333333333333,82.64012654622395,212,199,212,0.41384971141815186,0.014150943396226415,19.334606170654297,1164.175537109375,1169.328125,>=500
A,IMG_12.jpg,321,19,19,0.503741443157196,0.2631578947368421,201.26058959960938,18,18,0.637222170829773,0.7222222222222222,190.82836066351996,18,18,18,0.48225682973861694,0.0,73.9505386352539,204.21536254882812,200.64100646972656,200-500
A,IMG_13.jpg,584,23,23,0.41470831632614136,0.17391304347826086,124.67333984375,23,23,0.4131971001625061,0.08695652173913043,135.18653803286344,80,47,80,0.35895663499832153,0.025,28.986984252929688,630.9508666992188,632.947998046875,>=500
A,IMG_14.jpg,762,7,7,0.4217405915260315,0.0,114.80272674560547,16,16,0.3956807255744934,0.5,71.14277648925781,32,28,32,0.3833070993423462,0.0,44.60982894897461,677.8834838867188,683.3538208007812,>=500
A,IMG_15.jpg,341,6,6,0.3102158010005951,0.0,66.70359802246094,1,1,0.42049315571784973,0.0,82.25328063964844,19,14,19,0.31057941913604736,0.0,21.9274959564209,390.5803527832031,384.467041015625,200-500
A,IMG_16.jpg,416,12,12,0.401650995016098,0.0,101.18152618408203,8,8,0.4573478698730469,0.0,129.98586082458496,6,6,6,0.2673804461956024,0.0,31.59223175048828,508.5632019042969,512.664306640625,200-500
A,IMG_17.jpg,1156,7,7,0.3230820298194885,0.0,86.70445251464844,1,1,0.27063998579978943,0.0,95.91064453125,31,29,31,0.2998615503311157,0.0,18.697248458862305,1362.4033203125,1365.671142578125,>=500
A,IMG_18.jpg,227,21,21,0.5864224433898926,0.09523809523809523,143.83934020996094,21,21,0.5857216715812683,0.19047619047619047,131.6614801316034,21,19,21,0.38741955161094666,0.0,65.51773834228516,167.1321563720703,164.81150817871094,200-500
A,IMG_19.jpg,230,25,25,0.47796300053596497,0.28,114.7934799194336,25,25,0.5334351062774658,0.56,107.61985107421874,33,23,33,0.4076661467552185,0.0,41.305145263671875,234.74053955078125,223.7434844970703,200-500
A,IMG_20.jpg,460,1,1,0.291536808013916,0.0,84.00079345703125,2,2,0.2982947826385498,0.0,39.08197021484375,122,127,122,0.30663156509399414,0.0,16.95496940612793,472.67584228515625,468.5656433105469,200-500
A,IMG_21.jpg,717,25,25,0.508507490158081,0.08,126.69266510009766,22,22,0.5954666137695312,0.09090909090909091,118.12994107333097,68,46,68,0.36765697598457336,0.0,26.043977737426758,695.1943969726562,694.9977416992188,>=500
A,IMG_22.jpg,212,17,17,0.568285346031189,0.11764705882352941,113.3783187866211,10,10,0.551537811756134,0.5,146.65648193359374,4,6,4,0.5960366725921631,0.0,101.56361389160156,254.41705322265625,250.09579467773438,200-500
A,IMG_23.jpg,429,23,23,0.4060336947441101,0.0,74.66954040527344,11,11,0.39192476868629456,0.0,62.51554731889205,5,3,5,0.29368457198143005,0.0,36.1829719543457,427.0379638671875,423.60198974609375,200-500
A,IMG_24.jpg,553,3,3,0.2816565930843353,0.0,92.14598846435547,1,1,0.2731851041316986,0.0,90.86865234375,48,139,48,0.30681273341178894,0.0,12.389274597167969,552.82421875,556.9146728515625,>=500
A,IMG_25.jpg,243,24,24,0.6032722592353821,0.375,185.18310546875,20,20,0.6077576875686646,0.4,172.84043884277344,28,23,28,0.5080384612083435,0.0,48.22990036010742,203.62557983398438,204.27565002441406,200-500
A,IMG_26.jpg,497,6,6,0.3616985082626343,0.0,52.08133316040039,0,0,0.0,0.0,0.0,12,6,12,0.34676846861839294,0.0,29.73341941833496,411.41583251953125,408.4491882324219,200-500
A,IMG_27.jpg,760,25,25,0.531409502029419,0.28,139.55804443359375,36,36,0.4773802161216736,0.3055555555555556,108.45102204216852,248,181,248,0.4283190965652466,0.024193548387096774,21.803504943847656,923.2296752929688,920.5010375976562,>=500
A,IMG_28.jpg,423,29,29,0.44366276264190674,0.27586206896551724,97.93531036376953,15,15,0.4944590926170349,0.26666666666666666,103.8144307454427,14,10,14,0.43988409638404846,0.0,48.88402557373047,493.51708984375,494.3144836425781,200-500
A,IMG_29.jpg,309,24,24,0.6068149209022522,0.16666666666666666,162.3417510986328,23,23,0.6149230003356934,0.30434782608695654,163.77947998046875,43,39,43,0.5142802596092224,0.0,42.634769439697266,255.35833740234375,262.7085876464844,200-500
A,IMG_30.jpg,307,11,11,0.3022196590900421,0.18181818181818182,95.2849349975586,10,10,0.31007957458496094,0.0,89.75601196289062,110,87,110,0.37172821164131165,0.0,23.810331344604492,325.02984619140625,312.855712890625,200-500
A,IMG_31.jpg,250,14,14,0.38700079917907715,0.0,117.12159729003906,13,13,0.36221611499786377,0.0,115.8019773043119,115,86,115,0.4191594421863556,0.0,41.20756149291992,290.239990234375,290.6136474609375,200-500
A,IMG_32.jpg,961,25,25,0.39365971088409424,0.0,119.52265930175781,23,23,0.39425596594810486,0.391304347826087,108.5812643299932,46,53,46,0.36824923753738403,0.0,23.57328987121582,1023.8410034179688,1000.9633178710938,>=500
A,IMG_33.jpg,475,23,23,0.5283203721046448,0.08695652173913043,119.3171615600586,20,20,0.5382913947105408,0.2,128.61841888427733,14,13,14,0.3876020610332489,0.0,60.49088668823242,433.88818359375,435.0124206542969,200-500
A,IMG_34.jpg,89,12,12,0.3440225422382355,0.0,39.29389190673828,0,0,0.0,0.0,0.0,20,26,20,0.32136088609695435,0.0,15.1778564453125,93.66964721679688,95.70848083496094,50-200
A,IMG_35.jpg,567,25,25,0.5639937520027161,0.24,142.9827880859375,16,16,0.53598552942276,0.375,167.18081760406494,28,24,28,0.4838850796222687,0.0,51.34666061401367,807.8165283203125,831.9605712890625,>=500
A,IMG_36.jpg,1266,24,24,0.4318366050720215,0.16666666666666666,72.57076263427734,19,19,0.38062986731529236,0.0,74.43923147101151,59,64,59,0.3754814565181732,0.06779661016949153,19.20669937133789,1127.2706298828125,1249.354248046875,>=500
A,IMG_37.jpg,195,16,16,0.4646306335926056,0.0,138.825439453125,16,16,0.3988862633705139,0.375,107.3238468170166,22,15,22,0.36201736330986023,0.0,37.210670471191406,207.8509063720703,207.93328857421875,50-200
A,IMG_38.jpg,717,16,16,0.6588589549064636,0.0,196.23489379882812,16,16,0.6610773801803589,0.25,215.8279800415039,17,14,17,0.47193464636802673,0.11764705882352941,63.94083023071289,793.19384765625,790.6696166992188,>=500
A,IMG_39.jpg,196,9,9,0.34175872802734375,0.0,142.62277221679688,5,5,0.31495991349220276,0.0,127.74425048828125,134,110,134,0.5368282198905945,0.06716417910447761,49.51375198364258,196.45846557617188,189.2238006591797,50-200
A,IMG_40.jpg,236,15,15,0.6235678791999817,0.26666666666666666,194.31275939941406,21,21,0.5818073153495789,0.5714285714285714,177.72443644205728,39,24,39,0.4388849437236786,0.0,62.121238708496094,310.8095397949219,318.6156311035156,200-500
A,IMG_41.jpg,249,29,29,0.5498675107955933,0.06896551724137931,144.21644592285156,24,24,0.5882551074028015,0.25,134.5416717529297,22,20,22,0.4534047245979309,0.0,107.70287322998047,238.24713134765625,243.04188537597656,200-500
A,IMG_42.jpg,797,15,15,0.7192391157150269,0.3333333333333333,163.90203857421875,24,24,0.599598228931427,0.375,119.43843587239583,20,19,20,0.4003029465675354,0.0,60.16425323486328,991.3554077148438,992.7737426757812,>=500
A,IMG_43.jpg,116,29,29,0.6577848196029663,0.3793103448275862,182.19544982910156,25,25,0.5829123258590698,0.36,200.7782080078125,35,31,35,0.5389388799667358,0.05714285714285714,55.30842590332031,144.69114685058594,145.70181274414062,50-200
A,IMG_44.jpg,366,22,22,0.5853550434112549,0.18181818181818182,205.65176391601562,24,24,0.559848427772522,0.3333333333333333,192.67871793111166,21,22,21,0.41100355982780457,0.0,47.18659973144531,390.1228942871094,389.4610595703125,200-500
A,IMG_45.jpg,138,31,31,0.4907887876033783,0.22580645161290322,116.31350708007812,16,16,0.5341721177101135,0.25,107.25187873840332,61,42,61,0.4213937222957611,0.0,32.77853775024414,134.79441833496094,138.2159423828125,50-200
A,IMG_46.jpg,373,22,22,0.4110362231731415,0.18181818181818182,126.741455078125,15,15,0.46344292163848877,0.13333333333333333,129.21669311523436,11,5,11,0.3293456435203552,0.0,50.99002456665039,389.04571533203125,389.5563049316406,200-500
A,IMG_47.jpg,316,0,0,0.0,0.0,0.0,0,0,0.0,0.0,0.0,0,0,0,0.0,0.0,0.0,376.4153137207031,372.94921875,200-500
A,IMG_48.jpg,384,0,0,0.0,0.0,0.0,0,0,0.0,0.0,0.0,197,147,197,0.31929197907447815,0.04060913705583756,18.288654327392578,402.3497009277344,402.5357360839844,200-500
A,IMG_49.jpg,511,16,16,0.4420855641365051,0.0,104.15876770019531,7,7,0.39592427015304565,0.0,141.4442138671875,29,23,29,0.37160801887512207,0.06896551724137931,20.146324157714844,495.3807373046875,487.3677978515625,>=500
A,IMG_50.jpg,997,16,16,0.4703288972377777,0.125,188.95709228515625,19,19,0.4284534454345703,0.0,152.6315363833779,39,31,39,0.5238518118858337,0.0,66.32135772705078,824.10302734375,886.38427734375,>=500
A,IMG_51.jpg,297,7,7,0.40969863533973694,0.0,125.34102630615234,10,10,0.37781086564064026,0.2,103.95611877441407,32,17,32,0.2860623002052307,0.0625,30.05495262145996,346.8354187011719,343.28497314453125,200-500
A,IMG_52.jpg,134,12,12,0.4989456832408905,0.16666666666666666,101.93789672851562,6,6,0.39529988169670105,0.0,102.58822631835938,45,35,45,0.48298996686935425,0.0,24.980363845825195,148.31317138671875,143.364990234375,50-200
A,IMG_53.jpg,175,16,16,0.45544517040252686,0.0,87.5141372680664,4,4,0.303629994392395,0.0,93.93981552124023,72,62,72,0.4748236835002899,0.0,14.786005973815918,187.60330200195312,197.23008728027344,50-200
A,IMG_54.jpg,529,12,12,0.4754467010498047,0.16666666666666666,86.7149658203125,7,7,0.5043640732765198,0.2857142857142857,86.07141767229352,13,13,13,0.42593109607696533,0.0,40.763099670410156,606.8949584960938,599.6317138671875,>=500
A,IMG_55.jpg,149,20,20,0.48281922936439514,0.1,134.21035766601562,14,14,0.4425295293331146,0.14285714285714285,142.65404401506697,50,40,50,0.39844051003456116,0.08,62.980712890625,163.99183654785156,160.46189880371094,50-200
A,IMG_56.jpg,349,6,6,0.33601006865501404,0.0,57.30136489868164,0,0,0.0,0.0,0.0,9,6,9,0.27731573581695557,0.0,19.15489959716797,361.90631103515625,362.606201171875,200-500
A,IMG_57.jpg,356,17,17,0.43970730900764465,0.0,116.76910400390625,20,20,0.42107319831848145,0.2,97.64863891601563,39,54,39,0.3620719611644745,0.05128205128205128,20.173368453979492,402.386474609375,400.17218017578125,200-500
A,IMG_58.jpg,198,14,14,0.3217225670814514,0.14285714285714285,158.87820434570312,18,18,0.32587486505508423,0.0,92.79228379991319,189,188,189,0.6573012471199036,0.037037037037037035,41.661903381347656,210.1695556640625,210.6966552734375,50-200
A,IMG_59.jpg,466,12,12,0.6049960851669312,0.0,113.7900619506836,11,11,0.5584587454795837,0.0,118.66901883212003,20,16,20,0.43318018317222595,0.0,31.212631225585938,500.916259765625,487.6983337402344,200-500
A,IMG_60.jpg,291,17,17,0.4514387547969818,0.23529411764705882,123.3056640625,19,19,0.4456798732280731,0.21052631578947367,123.4648582056949,17,17,17,0.4478408694267273,0.0,37.40165328979492,395.2534484863281,394.97747802734375,200-500
A,IMG_61.jpg,193,26,26,0.3943967819213867,0.07692307692307693,73.65705108642578,5,5,0.3465058505535126,0.0,94.50257568359375,37,31,37,0.440838485956192,0.05405405405405406,56.31040954589844,225.53799438476562,223.67916870117188,50-200
A,IMG_62.jpg,337,0,0,0.0,0.0,0.0,0,0,0.0,0.0,0.0,141,123,141,0.47158077359199524,0.0,26.974637985229492,321.004150390625,328.7754821777344,200-500
A,IMG_63.jpg,1121,19,19,0.5182936787605286,0.10526315789473684,135.5005340576172,17,17,0.49259236454963684,0.11764705882352941,135.7966865090763,73,55,73,0.4846058785915375,0.0547945205479452,47.498634338378906,662.313232421875,732.2294311523438,>=500
A,IMG_64.jpg,287,21,21,0.4873124957084656,0.19047619047619047,123.83809661865234,13,13,0.4854477047920227,0.0,131.99318284254807,62,39,62,0.4059782326221466,0.0,33.82907485961914,401.6198425292969,393.8304748535156,200-500
A,IMG_65.jpg,214,21,21,0.4894680678844452,0.42857142857142855,122.30765533447266,8,8,0.5381166934967041,0.0,152.9832363128662,23,23,23,0.5382593870162964,0.0,47.57258987426758,252.51278686523438,249.14111328125,200-500
A,IMG_66.jpg,823,24,24,0.42430856823921204,0.08333333333333333,141.0531768798828,19,19,0.36039936542510986,0.10526315789473684,121.1246771561472,185,223,185,0.49446383118629456,0.04864864864864865,20.453014373779297,901.1443481445312,892.1736450195312,>=500
A,IMG_67.jpg,192,21,21,0.5136030316352844,0.0,134.57931518554688,16,16,0.5042585730552673,0.0,149.63640213012695,47,51,47,0.4412054121494293,0.0425531914893617,24.814777374267578,214.7296905517578,213.69813537597656,50-200
A,IMG_68.jpg,212,21,21,0.6316012144088745,0.19047619047619047,173.93128967285156,21,21,0.5422042012214661,0.2857142857142857,173.47390747070312,33,31,33,0.5305888652801514,0.06060606060606061,56.607540130615234,191.686767578125,191.66043090820312,200-500
A,IMG_69.jpg,166,12,12,0.3905891478061676,0.0,76.17564392089844,3,3,0.3308262228965759,0.0,96.59368387858073,44,35,44,0.5283278822898865,0.0,39.5626220703125,172.56344604492188,169.78347778320312,50-200
A,IMG_70.jpg,412,12,12,0.6044421195983887,0.25,109.49414825439453,10,10,0.38180404901504517,0.3,114.18243865966797,29,22,29,0.41102343797683716,0.0,41.58287048339844,425.6263122558594,446.60479736328125,200-500
A,IMG_71.jpg,602,25,25,0.5325564742088318,0.24,168.64328002929688,24,24,0.5414514541625977,0.2916666666666667,150.0151710510254,94,69,94,0.5042906999588013,0.11702127659574468,59.597068786621094,643.5802612304688,636.205810546875,>=500
A,IMG_72.jpg,589,11,11,0.34413349628448486,0.0,78.78128814697266,5,5,0.4187687337398529,0.0,74.62747802734376,61,32,61,0.3165017068386078,0.0,16.080751419067383,913.377197265625,908.5615234375,>=500
A,IMG_73.jpg,153,26,26,0.43330222368240356,0.07692307692307693,146.99237060546875,15,15,0.517846405506134,0.13333333333333333,166.66705322265625,61,45,61,0.340340256690979,0.03278688524590164,29.518112182617188,167.8857879638672,166.51959228515625,50-200
A,IMG_74.jpg,855,7,7,0.34999147057533264,0.0,65.8109359741211,5,5,0.31487587094306946,0.0,51.1482421875,5,2,5,0.3134258985519409,0.0,53.69948196411133,1052.994873046875,1047.6546630859375,>=500
A,IMG_75.jpg,665,0,0,0.0,0.0,0.0,1,1,0.45466166734695435,0.0,25.662109375,12,2,12,0.26405662298202515,0.0,16.756471633911133,492.2918701171875,467.1789245605469,>=500
A,IMG_76.jpg,485,5,5,0.3751462697982788,0.4,95.87584686279297,1,1,0.7841326594352722,0.0,156.3900146484375,123,77,123,0.40097394585609436,0.016260162601626018,23.240638732910156,460.63690185546875,462.78192138671875,200-500
A,IMG_77.jpg,207,27,27,0.5140015482902527,0.07407407407407407,195.30055236816406,27,27,0.4996873438358307,0.37037037037037035,180.22615277325664,122,109,122,0.42690780758857727,0.01639344262295082,25.921005249023438,207.4076385498047,205.71466064453125,200-500
A,IMG_78.jpg,271,18,18,0.6011959910392761,0.2777777777777778,213.28265380859375,19,19,0.5920283794403076,0.5789473684210527,199.64950802451685,17,16,17,0.3496299088001251,0.0,75.04358673095703,278.75213623046875,276.9461364746094,200-500
A,IMG_79.jpg,186,8,8,0.2887907326221466,0.0,90.00752258300781,1,1,0.3690840005874634,0.0,152.752197265625,64,36,64,0.3926684260368347,0.0,35.619041442871094,170.09661865234375,163.49008178710938,50-200
A,IMG_80.jpg,157,17,17,0.4400356411933899,0.11764705882352941,119.6240005493164,15,15,0.5226588845252991,0.26666666666666666,104.66099039713542,73,53,73,0.4063352942466736,0.0,33.57479476928711,143.94430541992188,141.9857177734375,50-200
A,IMG_81.jpg,356,5,5,0.3969077169895172,0.0,91.73677062988281,2,2,0.3091616630554199,0.0,92.97918701171875,35,24,35,0.3239078223705292,0.0,18.377960205078125,543.6089477539062,539.782958984375,200-500
A,IMG_82.jpg,217,7,7,0.31554684042930603,0.0,57.85030746459961,0,0,0.0,0.0,0.0,17,9,17,0.33629757165908813,0.0,30.924394607543945,194.21279907226562,192.03167724609375,200-500
A,IMG_83.jpg,218,0,0,0.0,0.0,0.0,0,0,0.0,0.0,0.0,171,156,171,0.4282098114490509,0.03508771929824561,35.49985122680664,238.9181671142578,237.42076110839844,200-500
A,IMG_84.jpg,122,27,27,0.4496159851551056,0.0,160.21600341796875,21,21,0.43799901008605957,0.0,161.14825730096726,108,123,108,0.5109925270080566,0.037037037037037035,22.84918975830078,147.46762084960938,145.14463806152344,50-200
A,IMG_85.jpg,97,22,22,0.47097519040107727,0.0,175.69772338867188,15,15,0.5054585337638855,0.26666666666666666,190.49414672851563,45,44,45,0.5046042203903198,0.044444444444444446,67.94190216064453,88.56169891357422,86.83135223388672,50-200
A,IMG_86.jpg,579,2,2,0.2654781937599182,0.0,61.5487060546875,5,5,0.2947582006454468,0.0,73.28530883789062,165,557,165,0.3565822243690491,0.012121212121212121,11.669013023376465,568.245361328125,565.9666748046875,>=500
A,IMG_87.jpg,417,25,25,0.5268265604972839,0.0,150.13560485839844,24,24,0.5333409905433655,0.16666666666666666,148.02503967285156,112,163,112,0.4140258729457855,0.08928571428571429,18.369888305664062,439.0872802734375,437.9573974609375,200-500
A,IMG_88.jpg,86,23,23,0.4619327187538147,0.08695652173913043,148.78753662109375,26,26,0.46052441000938416,0.3076923076923077,131.7026871901292,43,42,43,0.4689495265483856,0.0,44.8596076965332,83.78933715820312,83.9019775390625,50-200
A,IMG_89.jpg,383,18,18,0.4926665127277374,0.0,134.83258056640625,16,16,0.4266405999660492,0.0,137.6116600036621,117,160,117,0.5039352774620056,0.0,15.825591087341309,407.59869384765625,410.0986328125,200-500
A,IMG_90.jpg,2256,0,0,0.0,0.0,0.0,1,1,0.2832344174385071,0.0,53.209716796875,23,141,23,0.2895497977733612,0.0,13.911627769470215,2345.63671875,2339.114013671875,>=500
A,IMG_91.jpg,101,30,30,0.5142486691474915,0.13333333333333333,173.2046661376953,24,24,0.5016689896583557,0.2916666666666667,168.38138580322266,70,62,70,0.6348708271980286,0.02857142857142857,71.59485626220703,104.03630065917969,101.97827911376953,50-200
A,IMG_92.jpg,1366,6,6,0.33614906668663025,0.0,46.3194580078125,1,1,0.2957521378993988,0.0,58.5037841796875,67,71,67,0.2939155101776123,0.0,13.1105318069458,1979.367431640625,1963.760009765625,>=500
A,IMG_93.jpg,255,1,1,0.35567140579223633,0.0,74.84921264648438,0,0,0.0,0.0,0.0,55,39,55,0.3950810432434082,0.0,17.520244598388672,239.3263397216797,241.13180541992188,200-500
A,IMG_94.jpg,69,26,26,0.4946703612804413,0.19230769230769232,85.26477813720703,6,6,0.4145561456680298,0.0,70.1083475748698,62,65,62,0.6634997725486755,0.0,33.3967399597168,64.70928955078125,62.949405670166016,50-200
A,IMG_95.jpg,190,20,20,0.48413991928100586,0.0,56.776329040527344,3,3,0.6182289123535156,0.0,74.40334574381511,10,7,10,0.3981684446334839,0.0,33.593894958496094,172.023193359375,163.88299560546875,50-200
A,IMG_96.jpg,246,0,0,0.0,0.0,0.0,0,0,0.0,0.0,0.0,23,32,23,0.25971099734306335,0.0,10.341355323791504,225.9375,215.19744873046875,200-500
A,IMG_97.jpg,521,4,4,0.34999004006385803,0.0,108.370361328125,10,10,0.3612821400165558,0.4,71.241162109375,13,5,13,0.3227061629295349,0.0,39.616878509521484,580.75927734375,585.469970703125,>=500
A,IMG_98.jpg,153,4,4,0.28078532218933105,0.0,88.06423950195312,1,1,0.2980675995349884,0.0,84.10556030273438,79,78,79,0.43255046010017395,0.0,28.01226806640625,163.9737091064453,154.97959899902344,50-200
A,IMG_99.jpg,242,20,20,0.4884026050567627,0.0,87.49009704589844,5,5,0.30587905645370483,0.0,98.14952392578125,47,58,47,0.42653656005859375,0.0,17.283382415771484,226.6306610107422,224.005615234375,200-500
A,IMG_100.jpg,389,3,3,0.3635873794555664,0.0,83.98101806640625,0,0,0.0,0.0,0.0,44,32,44,0.3355124294757843,0.045454545454545456,20.182130813598633,443.678955078125,444.315185546875,200-500
A,IMG_101.jpg,211,27,27,0.5583847761154175,0.07407407407407407,171.80020141601562,20,20,0.5303360223770142,0.1,185.10976181030273,68,47,68,0.47123247385025024,0.0,25.797761917114258,215.70474243164062,215.14901733398438,200-500
A,IMG_102.jpg,223,3,3,0.27149736881256104,0.0,31.274810791015625,0,0,0.0,0.0,0.0,82,75,82,0.45739829540252686,0.0,17.33412742614746,211.3240509033203,207.1618194580078,200-500
A,IMG_103.jpg,431,19,19,0.4317396581172943,0.2631578947368421,118.70691680908203,19,19,0.4209834933280945,0.3684210526315789,102.38142957185444,40,31,40,0.4742279052734375,0.0,56.833587646484375,507.5662841796875,507.5227966308594,200-500
A,IMG_104.jpg,1175,0,0,0.0,0.0,0.0,0,0,0.0,0.0,0.0,0,2,0,0.0,0.0,0.0,1498.1177978515625,1601.682861328125,>=500
A,IMG_105.jpg,265,21,21,0.5051316022872925,0.09523809523809523,196.0821533203125,14,14,0.5189043879508972,0.0,226.13172040666853,30,17,30,0.4456959068775177,0.0,60.68819808959961,244.24899291992188,244.34341430664062,200-500
A,IMG_106.jpg,1232,0,0,0.0,0.0,0.0,0,0,0.0,0.0,0.0,219,285,219,0.3569946885108948,0.0273972602739726,15.28623104095459,1124.8135986328125,1124.6595458984375,>=500
A,IMG_107.jpg,289,15,15,0.472178190946579,0.0,84.77263641357422,5,5,0.6281133890151978,0.0,97.18273620605468,22,22,22,0.36322999000549316,0.0,18.80345344543457,228.48524475097656,229.50381469726562,200-500
A,IMG_108.jpg,182,24,24,0.4306081533432007,0.08333333333333333,144.2335662841797,15,15,0.4000111520290375,0.0,154.98663736979168,153,141,153,0.571771502494812,0.0392156862745098,35.03376388549805,207.43515014648438,207.89122009277344,50-200
A,IMG_109.jpg,379,13,13,0.3149867057800293,0.15384615384615385,137.8360595703125,20,20,0.336064875125885,0.1,80.11397705078124,146,133,146,0.4398331940174103,0.0,28.42079734802246,359.11663818359375,356.206298828125,200-500
A,IMG_110.jpg,1021,21,21,0.43257781863212585,0.23809523809523808,144.10061645507812,19,19,0.4748021066188812,0.3157894736842105,114.92378154553865,35,24,35,0.39354872703552246,0.0,49.157569885253906,840.8668212890625,840.5166625976562,>=500
A,IMG_111.jpg,452,2,2,0.2958928644657135,0.0,57.37255859375,1,1,0.30074959993362427,0.0,50.4044189453125,18,13,18,0.2785359025001526,0.0,20.043434143066406,590.771728515625,593.2073364257812,200-500
A,IMG_112.jpg,256,17,17,0.5083848237991333,0.11764705882352941,137.3507080078125,26,26,0.465583473443985,0.23076923076923078,116.01857581505409,22,22,22,0.40322816371917725,0.0,27.834009170532227,347.63006591796875,342.7155456542969,200-500
A,IMG_113.jpg,66,31,31,0.43974581360816956,0.0,112.51079559326172,24,24,0.43336591124534607,0.0,116.62345059712727,79,71,79,0.43402308225631714,0.10126582278481013,24.780773162841797,35.04566955566406,36.326324462890625,50-200
A,IMG_114.jpg,141,23,23,0.4434342682361603,0.0,130.62094116210938,17,17,0.41611790657043457,0.0,147.85114422966453,54,66,54,0.3351392447948456,0.07407407407407407,16.810108184814453,167.311767578125,167.17605590820312,50-200
A,IMG_115.jpg,1191,7,7,0.36641040444374084,0.0,44.45044708251953,0,0,0.0,0.0,0.0,56,42,56,0.3888528048992157,0.03571428571428571,13.067506790161133,1320.7454833984375,1317.4207763671875,>=500
A,IMG_116.jpg,288,5,5,0.3473559021949768,0.0,77.77616119384766,1,1,0.2505560517311096,0.0,163.07785034179688,6,2,6,0.3552483320236206,0.0,36.47291564941406,374.61822509765625,370.02880859375,200-500
A,IMG_117.jpg,1603,0,0,0.0,0.0,0.0,0,0,0.0,0.0,0.0,2,8,2,0.20956000685691833,0.0,11.852935791015625,1752.1146240234375,1749.839111328125,>=500
A,IMG_118.jpg,241,21,21,0.3990422189235687,0.0,152.8162841796875,16,16,0.39296621084213257,0.125,103.25793838500977,120,121,120,0.5360291004180908,0.06666666666666667,30.151254653930664,269.05810546875,268.26947021484375,200-500
A,IMG_119.jpg,250,4,4,0.3260197937488556,0.0,107.57123565673828,4,4,0.31114619970321655,0.0,78.32852172851562,67,45,67,0.35726746916770935,0.0,40.503662109375,260.88970947265625,259.38909912109375,200-500
A,IMG_120.jpg,133,16,16,0.489780992269516,0.0,111.57464599609375,9,9,0.38669538497924805,0.0,115.31656731499567,121,127,121,0.5761292576789856,0.08264462809917356,18.035757064819336,147.3950653076172,147.54794311523438,50-200
A,IMG_121.jpg,1210,19,19,0.47398874163627625,0.10526315789473684,119.67850494384766,23,23,0.4298325777053833,0.43478260869565216,93.58640455163044,41,26,41,0.3559221029281616,0.0,39.43960952758789,1692.1082763671875,1690.8350830078125,>=500
A,IMG_122.jpg,1153,11,11,0.4045509099960327,0.0,95.06826782226562,10,10,0.37372151017189026,0.0,85.01669998168946,3,2,3,0.4061090648174286,0.0,31.85829734802246,918.17626953125,917.110107421875,>=500
A,IMG_123.jpg,115,8,8,0.40414148569107056,0.0,77.97747039794922,3,3,0.33230671286582947,0.0,79.40639241536458,97,91,97,0.5189662575721741,0.0,18.580368041992188,107.50611114501953,105.04226684570312,50-200
A,IMG_124.jpg,226,20,20,0.40464353561401367,0.15,94.64778137207031,2,2,0.33535340428352356,0.0,97.97516632080078,2,3,2,0.37066054344177246,0.0,69.36004638671875,229.68209838867188,226.22874450683594,200-500
A,IMG_125.jpg,269,6,6,0.3440922200679779,0.0,123.68817138671875,7,7,0.300659716129303,0.0,84.69761003766742,91,60,91,0.35579317808151245,0.02197802197802198,35.86532211303711,275.4127502441406,272.2896728515625,200-500
A,IMG_126.jpg,440,27,27,0.5156752467155457,0.4444444444444444,172.2800750732422,23,23,0.5552937388420105,0.2608695652173913,181.7545696756114,27,26,27,0.5502117872238159,0.0,58.64905548095703,386.13592529296875,386.2886047363281,200-500
A,IMG_127.jpg,986,24,24,0.5145251750946045,0.16666666666666666,139.114013671875,30,30,0.4828457534313202,0.43333333333333335,119.20779520670573,51,34,51,0.4097113013267517,0.0392156862745098,50.238162994384766,720.0567626953125,719.8001708984375,>=500
A,IMG_128.jpg,419,4,4,0.34559252858161926,0.0,71.48399353027344,0,0,0.0,0.0,0.0,1,0,1,0.2244645059108734,0.0,38.375579833984375,430.4730224609375,418.4571533203125,200-500
A,IMG_129.jpg,298,25,25,0.4031781852245331,0.0,148.6419677734375,23,23,0.41491833329200745,0.30434782608695654,122.15237426757812,12,12,12,0.36894574761390686,0.0,44.589599609375,329.0624084472656,329.4067077636719,200-500
A,IMG_130.jpg,921,14,14,0.4298155605792999,0.0,74.04613494873047,7,7,0.4663304388523102,0.0,79.69158935546875,5,14,5,0.31860512495040894,0.0,13.815933227539062,1157.22021484375,1153.065185546875,>=500
A,IMG_131.jpg,604,17,17,0.31982874870300293,0.0,143.78125,23,23,0.3428478538990021,0.17391304347826086,91.83135455587636,157,125,157,0.4383867681026459,0.06369426751592357,30.04019546508789,503.07159423828125,502.4004821777344,>=500
A,IMG_132.jpg,375,9,9,0.4199460446834564,0.0,87.80551147460938,6,6,0.38860586285591125,0.0,91.55316162109375,102,53,102,0.38234198093414307,0.0,25.99921417236328,373.07330322265625,399.6557312011719,200-500
A,IMG_133.jpg,135,5,5,0.4191921353340149,0.0,110.6430435180664,2,2,0.5971361398696899,0.0,147.1300048828125,24,15,24,0.3692534267902374,0.0,36.97434616088867,122.50349426269531,119.05635833740234,50-200
A,IMG_134.jpg,165,16,16,0.2996257543563843,0.0,120.35012817382812,11,11,0.2925353944301605,0.0,84.71862515536222,161,167,161,0.7254697680473328,0.024844720496894408,48.192935943603516,172.62266540527344,170.95016479492188,50-200
A,IMG_135.jpg,72,25,25,0.4565310776233673,0.08,65.35530090332031,2,2,0.4871843159198761,0.0,88.08815383911133,35,31,35,0.4307749271392822,0.0,24.418947219848633,59.77424240112305,58.67502212524414,50-200
A,IMG_136.jpg,102,19,19,0.3858400285243988,0.10526315789473684,56.31745910644531,1,1,0.2502709925174713,0.0,43.47090148925781,61,44,61,0.398401141166687,0.0,18.12801170349121,88.61328887939453,87.36701965332031,50-200
A,IMG_137.jpg,489,1,1,0.29425328969955444,0.0,38.80865478515625,0,0,0.0,0.0,0.0,2,1,2,0.2099178582429886,0.0,11.669303894042969,494.10003662109375,490.0627746582031,200-500
A,IMG_138.jpg,292,1,1,0.2754211127758026,0.0,29.90399169921875,0,0,0.0,0.0,0.0,7,3,7,0.2969299852848053,0.0,18.29753303527832,270.58544921875,270.9278564453125,200-500
A,IMG_139.jpg,355,19,19,0.45410794019699097,0.10526315789473684,115.72943878173828,15,15,0.40074166655540466,0.13333333333333333,112.71576538085938,74,61,74,0.47328484058380127,0.05405405405405406,35.88069534301758,397.5646057128906,388.7876892089844,200-500
A,IMG_140.jpg,93,43,43,0.594102680683136,0.27906976744186046,189.20655822753906,31,31,0.6150736212730408,0.3548387096774194,202.84124829692226,55,55,55,0.6344206929206848,0.0,90.64269256591797,93.85075378417969,94.51576232910156,50-200
A,IMG_141.jpg,475,22,22,0.4951191246509552,0.09090909090909091,150.0815887451172,18,18,0.48808199167251587,0.1111111111111111,157.40027364095053,42,36,42,0.44460445642471313,0.047619047619047616,59.291805267333984,488.397705078125,485.45562744140625,200-500
A,IMG_142.jpg,211,6,6,0.3840644657611847,0.0,80.89986419677734,2,2,0.3098806142807007,0.0,98.95709991455078,14,18,14,0.31488940119743347,0.0,25.293977737426758,219.11846923828125,216.7312469482422,200-500
A,IMG_143.jpg,357,0,0,0.0,0.0,0.0,0,0,0.0,0.0,0.0,322,323,322,0.47985488176345825,0.037267080745341616,13.398735046386719,264.4342956542969,261.0021057128906,200-500
A,IMG_144.jpg,262,1,1,0.26328927278518677,0.0,128.62921142578125,0,0,0.0,0.0,0.0,25,22,25,0.32885706424713135,0.0,18.27800750732422,261.52783203125,251.1011199951172,200-500
A,IMG_145.jpg,261,11,11,0.4261883497238159,0.36363636363636365,109.93754577636719,12,12,0.38111528754234314,0.3333333333333333,114.28720728556316,103,70,103,0.46274107694625854,0.05825242718446602,34.44966506958008,228.75425720214844,221.96836853027344,200-500
A,IMG_146.jpg,479,15,15,0.38877564668655396,0.0,85.77143859863281,11,11,0.38613757491111755,0.0,86.85992154208097,49,43,49,0.38159292936325073,0.08163265306122448,20.298664093017578,598.9013061523438,594.0454711914062,200-500
A,IMG_147.jpg,587,1,1,0.26242953538894653,0.0,82.47578430175781,0,0,0.0,0.0,0.0,7,23,7,0.28262391686439514,0.0,12.521109580993652,610.2421264648438,611.9489135742188,>=500
A,IMG_148.jpg,208,15,15,0.3683911859989166,0.0,63.634090423583984,4,4,0.39758771657943726,0.0,85.489990234375,36,27,36,0.34501969814300537,0.0,14.763590812683105,198.33583068847656,208.42788696289062,200-500
A,IMG_149.jpg,230,16,16,0.4541182816028595,0.125,140.06837463378906,17,17,0.4465683102607727,0.23529411764705882,118.23821303423713,166,162,166,0.5991171598434448,0.05421686746987952,43.36530685424805,218.5802001953125,217.49630737304688,200-500
A,IMG_150.jpg,1303,4,4,0.3643992245197296,0.0,69.2578125,1,1,0.34101346135139465,0.0,79.8634033203125,31,17,31,0.30604395270347595,0.0,13.47093677520752,1306.3555908203125,1266.8524169921875,>=500
A,IMG_151.jpg,253,1,1,0.262300968170166,0.0,39.789093017578125,0,0,0.0,0.0,0.0,131,70,131,0.31935644149780273,0.0,15.705167770385742,244.23452758789062,252.06764221191406,200-500
A,IMG_152.jpg,277,0,0,0.0,0.0,0.0,2,2,0.26258450746536255,0.0,53.90509033203125,33,17,33,0.28613781929016113,0.06060606060606061,32.40910720825195,281.91619873046875,279.60931396484375,200-500
A,IMG_153.jpg,395,26,26,0.38374659419059753,0.15384615384615385,87.016845703125,4,4,0.35938286781311035,0.0,94.68915557861328,128,138,128,0.3928048014640808,0.0625,12.759786605834961,347.8000183105469,350.9877624511719,200-500
A,IMG_154.jpg,495,0,0,0.0,0.0,0.0,0,0,0.0,0.0,0.0,1,15,1,0.4166876971721649,0.0,12.161712646484375,483.8269348144531,492.08447265625,200-500
A,IMG_155.jpg,165,33,33,0.4621811807155609,0.0,129.68032836914062,29,29,0.4459111988544464,0.06896551724137931,124.8535393024313,86,126,86,0.44884344935417175,0.09302325581395349,21.412221908569336,155.8421173095703,152.35403442382812,50-200
A,IMG_156.jpg,199,30,30,0.5190744996070862,0.13333333333333333,131.79176330566406,22,22,0.5179467797279358,0.18181818181818182,154.059157631614,32,32,32,0.461764931678772,0.0,55.41246032714844,180.0150909423828,179.28256225585938,50-200
A,IMG_157.jpg,390,18,18,0.5173500776290894,0.1111111111111111,119.43359375,19,19,0.5413134098052979,0.3157894736842105,109.23476048519737,28,22,28,0.4021027684211731,0.0,33.700687408447266,489.8051452636719,492.74267578125,200-500
A,IMG_158.jpg,308,16,16,0.5374389886856079,0.0,110.72213745117188,7,7,0.5211535096168518,0.0,124.37570626395089,68,49,68,0.4509871006011963,0.029411764705882353,20.083452224731445,375.673583984375,376.21771240234375,200-500
A,IMG_159.jpg,199,7,7,0.28774380683898926,0.0,111.80061340332031,6,6,0.3151510953903198,0.0,93.86014811197917,131,94,131,0.4003135859966278,0.015267175572519083,24.18837547302246,196.7702178955078,195.8318634033203,50-200
A,IMG_160.jpg,121,12,12,0.29448628425598145,0.0,67.2376708984375,0,0,0.0,0.0,0.0,109,116,109,0.45288321375846863,0.03669724770642202,17.718088150024414,117.40052795410156,111.24406433105469,50-200
A,IMG_161.jpg,266,18,18,0.44293728470802307,0.0,68.13084411621094,8,8,0.35047683119773865,0.0,70.50659942626953,55,132,55,0.40203532576560974,0.07272727272727272,11.365981101989746,252.27420043945312,251.22129821777344,200-500
A,IMG_162.jpg,219,22,22,0.430943101644516,0.18181818181818182,87.04629516601562,7,7,0.4109366238117218,0.2857142857142857,113.32406834193638,76,31,76,0.39650794863700867,0.0,37.27424240112305,306.7118835449219,313.8201599121094,200-500
A,IMG_163.jpg,162,20,20,0.42632168531417847,0.0,77.78116607666016,3,3,0.5498979091644287,0.0,163.22894287109375,36,12,36,0.2893645167350769,0.0,16.474905014038086,218.76600646972656,215.70846557617188,50-200
A,IMG_164.jpg,302,4,4,0.3721066117286682,0.0,84.35829162597656,2,2,0.46160292625427246,0.0,86.03121948242188,17,8,17,0.3008355498313904,0.0,27.387189865112305,389.40911865234375,391.3106689453125,200-500
A,IMG_165.jpg,1581,27,27,0.4693736433982849,0.0,128.47132873535156,31,31,0.4465247392654419,0.06451612903225806,105.065428703062,51,51,51,0.47421568632125854,0.0,29.62490463256836,1221.6591796875,1217.387451171875,>=500
A,IMG_166.jpg,126,7,7,0.2882542908191681,0.0,120.6790771484375,2,2,0.26424440741539,0.0,104.84292602539062,36,24,36,0.3962663412094116,0.0,29.370548248291016,156.1002197265625,153.08932495117188,50-200
A,IMG_167.jpg,112,22,22,0.4970931112766266,0.0,92.11843872070312,6,6,0.3919268548488617,0.0,108.15721638997395,69,69,69,0.6308708190917969,0.0,28.35449981689453,108.82620239257812,103.58236694335938,50-200
A,IMG_168.jpg,240,17,17,0.36998674273490906,0.11764705882352941,116.35033416748047,25,25,0.3708612322807312,0.16,75.106201171875,15,9,15,0.3253823518753052,0.13333333333333333,53.86368179321289,325.95623779296875,327.13507080078125,200-500
A,IMG_169.jpg,218,10,10,0.32458752393722534,0.2,123.19356536865234,14,14,0.3329046070575714,0.0,90.74357278006417,145,112,145,0.39303869009017944,0.0,22.2254581451416,256.3573913574219,252.5288848876953,200-500
A,IMG_170.jpg,670,18,18,0.4407341778278351,0.0,116.29450225830078,16,16,0.4655779004096985,0.0,88.22349166870117,74,58,74,0.5423460006713867,0.02702702702702703,41.3587760925293,812.1244506835938,810.9923706054688,>=500
A,IMG_171.jpg,239,22,22,0.42004549503326416,0.09090909090909091,131.78111267089844,19,19,0.43328556418418884,0.0,111.0242984169408,129,116,129,0.555182933807373,0.0,41.905887603759766,288.63983154296875,288.1387939453125,200-500
A,IMG_172.jpg,1171,2,2,0.36190420389175415,0.0,56.27714538574219,0,0,0.0,0.0,0.0,11,47,11,0.2765437364578247,0.0,12.954739570617676,1234.68408203125,1212.99951171875,>=500
A,IMG_173.jpg,481,10,10,0.3306434750556946,0.0,91.31206512451172,9,9,0.408489465713501,0.0,48.411159939236114,20,4,20,0.34617742896080017,0.0,45.18657684326172,779.4222412109375,771.2236328125,200-500
A,IMG_174.jpg,129,23,23,0.571444571018219,0.08695652173913043,127.6972427368164,31,31,0.5796676874160767,0.22580645161290322,108.39677281533518,71,59,71,0.40826359391212463,0.0,26.69720458984375,165.6215362548828,167.02793884277344,50-200
A,IMG_175.jpg,442,17,17,0.5181422829627991,0.0,88.94869995117188,16,16,0.4858735203742981,0.0,92.15177154541016,51,46,51,0.42643269896507263,0.0,26.85265350341797,581.7896728515625,577.0717163085938,200-500
A,IMG_176.jpg,213,11,11,0.45266664028167725,0.0,57.15470886230469,7,7,0.43505725264549255,0.0,57.77667672293527,11,11,11,0.26728060841560364,0.0,14.882732391357422,269.3334655761719,278.0115661621094,200-500
A,IMG_177.jpg,363,26,26,0.5433907508850098,0.15384615384615385,161.03541564941406,23,23,0.5153785347938538,0.17391304347826086,165.93756634256115,28,24,28,0.5425272583961487,0.07142857142857142,62.66770553588867,393.6861877441406,394.5360412597656,200-500
A,IMG_178.jpg,549,18,18,0.608558177947998,0.1111111111111111,241.75767517089844,12,12,0.7211854457855225,0.0,302.38762283325195,26,19,26,0.44879502058029175,0.07692307692307693,87.62519836425781,605.208251953125,600.9957885742188,>=500
A,IMG_179.jpg,400,28,28,0.5964617133140564,0.21428571428571427,181.85708618164062,23,23,0.624477744102478,0.30434782608695654,200.0562286376953,24,18,24,0.608085572719574,0.0,88.37728118896484,385.19500732421875,385.0748291015625,200-500
A,IMG_180.jpg,398,17,17,0.6691594123840332,0.0,136.65951538085938,27,27,0.6749073266983032,0.14814814814814814,100.02508997034144,17,18,17,0.5634465217590332,0.0,52.483612060546875,374.5409851074219,380.89215087890625,200-500
A,IMG_181.jpg,216,4,4,0.3486158549785614,0.0,118.66548919677734,13,13,0.3364214301109314,0.0,85.8360337477464,139,105,139,0.3734649419784546,0.0,25.38592529296875,220.73825073242188,218.86802673339844,200-500
A,IMG_182.jpg,199,23,23,0.5939891934394836,0.08695652173913043,163.63404846191406,19,19,0.6034119129180908,0.10526315789473684,160.3082275390625,57,39,57,0.4617248475551605,0.0,47.21237564086914,186.88595581054688,187.47813415527344,50-200
B,IMG_1.jpg,23,27,27,0.7272670269012451,0.14814814814814814,193.18243408203125,28,28,0.6588528752326965,0.39285714285714285,187.3555784225464,23,26,23,0.6658698916435242,0.08695652173913043,33.653194427490234,22.660337448120117,22.456331253051758,<50
B,IMG_2.jpg,52,37,37,0.606812059879303,0.21621621621621623,171.0280303955078,37,37,0.6139993071556091,0.35135135135135137,154.85500170733476,41,47,41,0.5631434917449951,0.0,39.858619689941406,51.0488395690918,48.452178955078125,50-200
B,IMG_3.jpg,61,28,28,0.6177175641059875,0.17857142857142858,201.2857208251953,26,26,0.6049988269805908,0.23076923076923078,205.5256296304556,45,58,45,0.5600652098655701,0.044444444444444446,31.05049705505371,59.627479553222656,59.35588836669922,50-200
B,IMG_4.jpg,95,29,29,0.6081201434135437,0.20689655172413793,212.64454650878906,27,27,0.5840065479278564,0.2962962962962963,216.84580824110242,60,71,60,0.5041340589523315,0.06666666666666667,31.50997543334961,89.21659851074219,89.89317321777344,50-200
B,IMG_5.jpg,82,26,26,0.6211003065109253,0.07692307692307693,225.12648010253906,22,22,0.5826326012611389,0.18181818181818182,226.21163420243695,41,40,41,0.4686536192893982,0.0,33.15282440185547,83.85475158691406,81.74515533447266,50-200
B,IMG_6.jpg,195,28,28,0.5651746988296509,0.07142857142857142,211.7127227783203,30,30,0.5092957019805908,0.06666666666666667,205.34145024617513,96,114,96,0.4892871677875519,0.0,26.41838264465332,192.5351104736328,193.7289276123047,50-200
B,IMG_7.jpg,47,38,38,0.6387174725532532,0.21052631578947367,138.07113647460938,36,36,0.6195826530456543,0.16666666666666666,135.32340706719293,43,45,43,0.5552957057952881,0.09302325581395349,26.005308151245117,48.418983459472656,48.97097396850586,<50
B,IMG_8.jpg,62,33,33,0.65598464012146,0.12121212121212122,156.01239013671875,34,34,0.6850138306617737,0.35294117647058826,144.6244726742015,52,57,52,0.5442607402801514,0.038461538461538464,23.457456588745117,56.003334045410156,55.03851318359375,50-200
B,IMG_9.jpg,36,31,31,0.6003228425979614,0.12903225806451613,217.2406768798828,28,28,0.6176232099533081,0.14285714285714285,203.8921181815011,29,33,29,0.5171895623207092,0.0,41.42081832885742,36.95844650268555,35.81045150756836,<50
B,IMG_10.jpg,181,29,29,0.5820351243019104,0.06896551724137931,204.67599487304688,27,27,0.5672992467880249,0.18518518518518517,203.87158881293402,83,98,83,0.47651806473731995,0.060240963855421686,25.688716888427734,154.0159912109375,154.7718048095703,50-200
B,IMG_11.jpg,164,34,34,0.5687203407287598,0.17647058823529413,191.43759155273438,23,23,0.6043466329574585,0.21739130434782608,212.22514608631963,67,91,67,0.4864123463630676,0.05970149253731343,23.286426544189453,153.03598022460938,152.9243621826172,50-200
B,IMG_12.jpg,513,29,29,0.5512392520904541,0.06896551724137931,188.6912078857422,26,26,0.5749493837356567,0.2692307692307692,188.39447696392352,78,85,78,0.4660249948501587,0.02564102564102564,24.610937118530273,429.52886962890625,429.69573974609375,>=500
B,IMG_13.jpg,48,33,33,0.5655711889266968,0.18181818181818182,129.37738037109375,31,31,0.5526209473609924,0.1935483870967742,120.46366223981303,39,53,39,0.5641332864761353,0.05128205128205128,23.899188995361328,51.15329360961914,51.193477630615234,<50
B,IMG_14.jpg,29,32,32,0.6337466239929199,0.375,176.5652313232422,23,23,0.6156502366065979,0.21739130434782608,181.0532588129458,28,28,28,0.516208827495575,0.21428571428571427,33.37187957763672,32.25103759765625,32.5391845703125,<50
B,IMG_15.jpg,57,29,29,0.663263201713562,0.06896551724137931,149.47731018066406,33,33,0.6125442981719971,0.24242424242424243,136.97375733924633,24,41,24,0.6652628779411316,0.0,25.969995498657227,53.670841217041016,53.66658020019531,50-200
B,IMG_16.jpg,92,34,34,0.5707590579986572,0.11764705882352941,187.70315551757812,27,27,0.5741317272186279,0.3333333333333333,173.74606464527272,63,72,63,0.46176594495773315,0.09523809523809523,26.40395164489746,85.19329071044922,84.48783111572266,50-200
B,IMG_17.jpg,71,24,24,0.6046109795570374,0.0,176.077392578125,25,25,0.546571671962738,0.48,174.5754081726074,33,39,33,0.4340622127056122,0.0,28.066377639770508,67.63754272460938,67.91055297851562,50-200
B,IMG_18.jpg,235,30,30,0.5929993987083435,0.06666666666666667,142.2917022705078,30,30,0.5793139338493347,0.3,148.44988606770832,45,92,45,0.5112473964691162,0.0,18.913593292236328,198.6600341796875,195.0774688720703,200-500
B,IMG_19.jpg,277,37,37,0.5052289366722107,0.16216216216216217,177.73223876953125,30,30,0.5400992631912231,0.13333333333333333,187.16937052408855,103,152,103,0.4868886172771454,0.05825242718446602,22.42191505432129,236.9608917236328,236.78248596191406,200-500
B,IMG_20.jpg,15,29,29,0.7019199728965759,0.41379310344827586,168.23678588867188,32,32,0.6411195993423462,0.4375,150.7618778347969,20,30,20,0.5673826932907104,0.0,33.0991096496582,13.785757064819336,13.784574508666992,<50
B,IMG_21.jpg,89,39,39,0.6036155819892883,0.05128205128205128,145.14064025878906,38,38,0.593205988407135,0.10526315789473684,134.92351652446547,39,73,39,0.5327898263931274,0.0,28.45730972290039,93.60376739501953,93.37153625488281,50-200
B,IMG_22.jpg,300,41,41,0.48093464970588684,0.0975609756097561,180.04830932617188,32,32,0.5140863060951233,0.25,181.48375415802002,94,120,94,0.5187429189682007,0.031914893617021274,28.416345596313477,245.51226806640625,243.268310546875,200-500
B,IMG_23.jpg,240,28,28,0.5798121690750122,0.14285714285714285,135.75851440429688,23,23,0.6041366457939148,0.34782608695652173,147.84045144786006,45,93,45,0.4616027772426605,0.0,18.518421173095703,193.31007385253906,191.9835662841797,200-500
B,IMG_24.jpg,79,28,28,0.5387119054794312,0.21428571428571427,200.2852325439453,33,33,0.5280337333679199,0.15151515151515152,180.00954969001538,63,74,63,0.5485206246376038,0.09523809523809523,27.031076431274414,72.95427703857422,73.0427474975586,50-200
B,IMG_25.jpg,216,34,34,0.5536229014396667,0.11764705882352941,123.77491760253906,24,24,0.559324324131012,0.16666666666666666,135.22215143839517,46,75,46,0.41241493821144104,0.15217391304347827,22.1358585357666,183.6478729248047,185.12844848632812,200-500
B,IMG_26.jpg,38,27,27,0.6165949702262878,0.18518518518518517,216.65672302246094,29,29,0.6170731782913208,0.3448275862068966,184.32033907133956,31,46,31,0.5824342966079712,0.0,33.52164077758789,37.78894805908203,35.96743392944336,<50
B,IMG_27.jpg,207,29,29,0.5466721057891846,0.06896551724137931,201.63966369628906,27,27,0.565459668636322,0.0,192.98409808123554,72,76,72,0.43461835384368896,0.027777777777777776,27.868993759155273,212.28182983398438,212.22161865234375,200-500
B,IMG_28.jpg,61,28,28,0.5531402826309204,0.10714285714285714,173.6417236328125,19,19,0.6412041783332825,0.2631578947368421,199.01153644762542,40,53,40,0.5065332651138306,0.1,25.925180435180664,57.70989990234375,57.90615463256836,50-200
B,IMG_29.jpg,92,31,31,0.5150038599967957,0.2903225806451613,196.9977264404297,30,30,0.493990421295166,0.3,183.56194330851238,74,86,74,0.47600632905960083,0.05405405405405406,26.213146209716797,86.13758087158203,85.72753143310547,50-200
B,IMG_30.jpg,51,33,33,0.5964381694793701,0.24242424242424243,199.85995483398438,32,32,0.6086028814315796,0.375,188.73030042648315,36,53,36,0.563042402267456,0.05555555555555555,38.657562255859375,48.652557373046875,47.16451644897461,50-200
B,IMG_31.jpg,176,32,32,0.5411524772644043,0.1875,179.48898315429688,27,27,0.5885956287384033,0.25925925925925924,188.3837715431496,92,112,92,0.4864712059497833,0.05434782608695652,23.59427261352539,177.47088623046875,174.6679229736328,50-200
B,IMG_32.jpg,44,36,36,0.6686482429504395,0.0,133.62123107910156,40,40,0.6056567430496216,0.15,120.6787517786026,45,53,45,0.6781924962997437,0.0,22.61541748046875,45.65598678588867,46.39192581176758,<50
B,IMG_33.jpg,198,32,32,0.6160415410995483,0.0625,175.68438720703125,27,27,0.5981266498565674,0.37037037037037035,182.11879447654442,62,100,62,0.481616348028183,0.0967741935483871,26.255708694458008,174.86708068847656,174.77613830566406,50-200
B,IMG_34.jpg,41,39,39,0.594357430934906,0.07692307692307693,200.14840698242188,37,37,0.5477885603904724,0.2972972972972973,205.4369409922007,35,47,35,0.6760845184326172,0.0,52.15317916870117,44.1443977355957,43.665042877197266,<50
B,IMG_35.jpg,166,33,33,0.5739385485649109,0.06060606060606061,196.62857055664062,32,32,0.6135056614875793,0.3125,185.13482069969177,72,85,72,0.458486407995224,0.027777777777777776,26.88806915283203,152.91064453125,153.17698669433594,50-200
B,IMG_36.jpg,156,28,28,0.5712353587150574,0.07142857142857142,157.02047729492188,36,36,0.5131996273994446,0.4166666666666667,134.16731346978082,62,81,62,0.4811970591545105,0.03225806451612903,21.27250862121582,140.05369567871094,140.5280303955078,50-200
B,IMG_37.jpg,42,25,25,0.6189740896224976,0.08,184.0408935546875,19,19,0.5882318019866943,0.3157894736842105,182.06735671193977,29,40,29,0.5611705183982849,0.13793103448275862,33.6136589050293,41.89305877685547,41.250736236572266,<50
B,IMG_38.jpg,89,37,37,0.5776964426040649,0.10810810810810811,172.01795959472656,34,34,0.5497785210609436,0.23529411764705882,178.54833131677964,55,53,55,0.5291608572006226,0.03636363636363636,26.406471252441406,80.21265411376953,78.14832305908203,50-200
B,IMG_39.jpg,48,31,31,0.6477409601211548,0.22580645161290322,200.0504150390625,35,35,0.5935406684875488,0.34285714285714286,165.04474999564036,40,46,40,0.4981672167778015,0.2,32.74573516845703,48.67095947265625,47.69462585449219,<50
B,IMG_40.jpg,331,28,28,0.6482715606689453,0.07142857142857142,149.72679138183594,28,28,0.5623613595962524,0.21428571428571427,150.19249779837472,35,80,35,0.5274271368980408,0.0,21.091121673583984,227.15455627441406,228.00735473632812,200-500
B,IMG_41.jpg,31,28,28,0.7389116287231445,0.10714285714285714,230.42066955566406,31,31,0.6985034942626953,0.25806451612903225,215.49678630213583,28,31,28,0.6363764405250549,0.07142857142857142,42.966651916503906,29.85650062561035,30.31075668334961,<50
B,IMG_42.jpg,41,32,32,0.6179860234260559,0.25,196.3175048828125,37,37,0.582841694355011,0.4594594594594595,183.05243672551336,38,46,38,0.6035536527633667,0.0,38.126121520996094,40.16084671020508,39.08987045288086,<50
B,IMG_43.jpg,106,42,42,0.5853815078735352,0.14285714285714285,177.38804626464844,35,35,0.5461258888244629,0.3142857142857143,190.48587166922434,76,81,76,0.5398107767105103,0.14473684210526316,27.206707000732422,98.52194213867188,99.13493347167969,50-200
B,IMG_44.jpg,28,28,28,0.7337929010391235,0.14285714285714285,222.73316955566406,33,33,0.666045606136322,0.3333333333333333,203.98791931614733,24,26,24,0.660832405090332,0.08333333333333333,54.02677536010742,27.761138916015625,27.357946395874023,<50
B,IMG_45.jpg,158,29,29,0.525021493434906,0.13793103448275862,196.04383850097656,25,25,0.5357108116149902,0.16,187.73973419189454,67,63,67,0.47315335273742676,0.029850746268656716,30.767717361450195,147.08523559570312,146.41200256347656,50-200
B,IMG_46.jpg,90,37,37,0.569553017616272,0.1891891891891892,161.16696166992188,32,32,0.5593114495277405,0.25,158.40594673156738,48,45,48,0.4905816316604614,0.08333333333333333,35.1534309387207,82.11904907226562,81.84779357910156,50-200
B,IMG_47.jpg,72,29,29,0.6458573937416077,0.06896551724137931,189.2481689453125,33,33,0.5845012068748474,0.2727272727272727,162.01042556762695,40,45,40,0.48438072204589844,0.05,29.481515884399414,74.66876220703125,74.6061019897461,50-200
B,IMG_48.jpg,84,32,32,0.5901343822479248,0.0625,160.68313598632812,35,35,0.551880955696106,0.2571428571428571,136.86174632481166,51,59,51,0.4819324016571045,0.0,23.305023193359375,86.64348602294922,86.08954620361328,50-200
B,IMG_49.jpg,35,34,34,0.6661203503608704,0.17647058823529413,186.19284057617188,38,38,0.6325029134750366,0.3684210526315789,172.22289356432464,36,33,36,0.6068054437637329,0.0,37.53382873535156,33.782649993896484,32.79256057739258,<50
B,IMG_50.jpg,265,31,31,0.5203392505645752,0.06451612903225806,181.00233459472656,20,20,0.560967743396759,0.0,207.64213180541992,81,88,81,0.5294053554534912,0.0,29.223955154418945,238.80931091308594,238.43385314941406,200-500
B,IMG_51.jpg,190,28,28,0.49606412649154663,0.07142857142857142,134.9160614013672,25,25,0.5491732954978943,0.16,134.80176742553712,104,155,104,0.4794406294822693,0.057692307692307696,18.949064254760742,181.20628356933594,181.6497039794922,50-200
B,IMG_52.jpg,26,29,29,0.6408527493476868,0.13793103448275862,154.4591064453125,30,30,0.6114413738250732,0.23333333333333334,135.64600238800048,25,31,25,0.5406844019889832,0.16,26.665552139282227,22.94902229309082,22.9317569732666,<50
B,IMG_53.jpg,48,29,29,0.7079047560691833,0.13793103448275862,171.86183166503906,36,36,0.6472465991973877,0.4166666666666667,150.2808689541287,19,24,19,0.5683602094650269,0.10526315789473684,29.3343563079834,44.06110763549805,43.960609436035156,<50
B,IMG_54.jpg,60,36,36,0.5832006335258484,0.2777777777777778,180.8732147216797,44,44,0.5697647333145142,0.3181818181818182,153.8523930202831,40,57,40,0.5409743189811707,0.05,29.582788467407227,49.247833251953125,49.11570358276367,50-200
B,IMG_55.jpg,195,32,32,0.5456579923629761,0.0625,147.13758850097656,33,33,0.5805230736732483,0.36363636363636365,138.35611539898497,77,103,77,0.4109607934951782,0.05194805194805195,20.114938735961914,183.20230102539062,183.0155487060547,50-200
B,IMG_56.jpg,79,31,31,0.629572331905365,0.16129032258064516,178.5487823486328,29,29,0.6343177556991577,0.3103448275862069,183.3112933717925,34,34,34,0.5506764054298401,0.0,30.083717346191406,73.62555694580078,72.75334167480469,50-200
B,IMG_57.jpg,79,44,44,0.5330911874771118,0.22727272727272727,192.65853881835938,37,37,0.5394350290298462,0.4594594594594595,197.3395245526288,61,73,61,0.5769530534744263,0.08196721311475409,32.618587493896484,77.5770034790039,77.07979583740234,50-200
B,IMG_58.jpg,96,28,28,0.566092848777771,0.07142857142857142,158.07008361816406,28,28,0.5953570604324341,0.07142857142857142,156.76527282169886,57,75,57,0.49790310859680176,0.07017543859649122,24.01808738708496,95.11276245117188,94.85725402832031,50-200
B,IMG_59.jpg,48,33,33,0.6138133406639099,0.21212121212121213,201.14785766601562,28,28,0.6193276643753052,0.25,211.59903689793177,43,44,43,0.6041637063026428,0.046511627906976744,32.78001022338867,44.62211990356445,44.683982849121094,<50
B,IMG_60.jpg,34,35,35,0.706623375415802,0.2,158.11245727539062,40,40,0.6899002194404602,0.275,143.78869590759277,16,36,16,0.5957328677177429,0.125,44.390113830566406,31.312551498413086,31.229970932006836,<50
B,IMG_61.jpg,412,30,30,0.5005320310592651,0.13333333333333333,200.73402404785156,25,25,0.5251250267028809,0.36,197.8052066040039,90,115,90,0.5412077903747559,0.044444444444444446,28.926801681518555,394.0277404785156,396.8266906738281,200-500
B,IMG_62.jpg,174,36,36,0.5487871170043945,0.05555555555555555,193.49017333984375,33,33,0.5086578726768494,0.12121212121212122,200.7543154629794,66,78,66,0.5186055898666382,0.0,28.36469078063965,157.57980346679688,159.63116455078125,50-200
B,IMG_63.jpg,60,37,37,0.6526209712028503,0.10810810810810811,168.54759216308594,32,32,0.6587561368942261,0.21875,172.234361410141,51,43,51,0.4898964464664459,0.1568627450980392,30.22384262084961,61.6808967590332,60.03969192504883,50-200
B,IMG_64.jpg,50,36,36,0.6000244617462158,0.1111111111111111,183.840576171875,34,34,0.6015381813049316,0.29411764705882354,190.06715494043686,35,45,35,0.6011633276939392,0.0,35.79477310180664,46.35304641723633,47.517059326171875,50-200
B,IMG_65.jpg,236,32,32,0.61263108253479,0.0,197.39364624023438,30,30,0.6147878766059875,0.2,205.739412689209,97,114,97,0.4636893570423126,0.10309278350515463,23.2835750579834,207.56211853027344,209.4051513671875,200-500
B,IMG_66.jpg,176,32,32,0.5753458142280579,0.0,143.69708251953125,28,28,0.5847535133361816,0.21428571428571427,143.36760262080603,59,89,59,0.4254225492477417,0.06779661016949153,19.147064208984375,144.04124450683594,142.30003356933594,50-200
B,IMG_67.jpg,108,38,38,0.5507816672325134,0.10526315789473684,135.7706298828125,29,29,0.5558747053146362,0.20689655172413793,147.64605449808056,50,72,50,0.4672584533691406,0.08,18.908916473388672,111.4363021850586,111.63516235351562,50-200
B,IMG_68.jpg,59,38,38,0.5967755317687988,0.18421052631578946,181.7825164794922,41,41,0.5648278594017029,0.2926829268292683,168.6744070285704,29,38,29,0.5537581443786621,0.0,37.03160095214844,61.27138900756836,58.83766174316406,50-200
B,IMG_69.jpg,94,33,33,0.602432370185852,0.0,200.57777404785156,29,29,0.6127825379371643,0.13793103448275862,207.49871405239762,66,72,66,0.5333036780357361,0.06060606060606061,30.271270751953125,86.21039581298828,85.76176452636719,50-200
B,IMG_70.jpg,48,30,30,0.6157708764076233,0.06666666666666667,164.83636474609375,31,31,0.594840943813324,0.25806451612903225,153.54268030966483,26,39,26,0.5903743505477905,0.11538461538461539,27.481475830078125,45.2890625,46.263587951660156,<50
B,IMG_71.jpg,191,33,33,0.5671555995941162,0.0,180.9738006591797,28,28,0.5285058617591858,0.0,179.77080971854073,104,117,104,0.445673406124115,0.038461538461538464,23.67767333984375,175.0264129638672,172.94741821289062,50-200
B,IMG_72.jpg,54,29,29,0.6727821230888367,0.2413793103448276,191.24057006835938,30,30,0.6108619570732117,0.2,172.43410466512043,47,51,47,0.538673996925354,0.0425531914893617,28.138774871826172,48.0632438659668,48.137691497802734,50-200
B,IMG_73.jpg,91,31,31,0.7077152132987976,0.06451612903225806,195.69448852539062,30,30,0.651214599609375,0.16666666666666666,192.46979319254558,66,70,66,0.5781964063644409,0.030303030303030304,28.945518493652344,87.01345825195312,86.43603515625,50-200
B,IMG_74.jpg,261,30,30,0.5020738840103149,0.36666666666666664,168.61135864257812,25,25,0.5810050964355469,0.28,168.55277236938477,26,38,26,0.42545080184936523,0.0,41.1876220703125,171.8080596923828,170.35606384277344,200-500
B,IMG_75.jpg,539,33,33,0.5875725746154785,0.0,159.13006591796875,33,33,0.6386590600013733,0.36363636363636365,163.8621964888139,72,102,72,0.504806637763977,0.027777777777777776,21.404117584228516,419.0225830078125,418.81219482421875,>=500
B,IMG_76.jpg,123,26,26,0.5862605571746826,0.07692307692307693,143.86654663085938,30,30,0.5760888457298279,0.26666666666666666,122.81730562845866,43,87,43,0.48963698744773865,0.046511627906976744,21.79671859741211,111.54205322265625,111.70309448242188,50-200
B,IMG_77.jpg,213,32,32,0.5538011789321899,0.25,167.95849609375,27,27,0.5607137084007263,0.14814814814814814,171.8538581000434,66,84,66,0.4653783440589905,0.06060606060606061,21.13374137878418,180.38685607910156,180.112060546875,200-500
B,IMG_78.jpg,282,33,33,0.5520405173301697,0.18181818181818182,164.69203186035156,24,24,0.5640482902526855,0.20833333333333334,187.55949115753174,75,126,75,0.45844146609306335,0.02666666666666667,19.50374412536621,259.7601318359375,259.104248046875,200-500
B,IMG_79.jpg,90,29,29,0.546902596950531,0.13793103448275862,182.71478271484375,24,24,0.546989381313324,0.25,205.19837474822998,51,51,51,0.39156007766723633,0.0784313725490196,25.94858169555664,76.25933837890625,76.22557067871094,50-200
B,IMG_80.jpg,470,32,32,0.5927008390426636,0.09375,163.18687438964844,26,26,0.582379162311554,0.15384615384615385,175.83948810283954,83,109,83,0.4465065896511078,0.07228915662650602,19.87560272216797,393.1983337402344,395.1806640625,200-500
B,IMG_81.jpg,129,33,33,0.5390705466270447,0.12121212121212122,124.66822052001953,29,29,0.5742112398147583,0.3793103448275862,130.19641218514278,41,77,41,0.49485838413238525,0.04878048780487805,20.959922790527344,139.70372009277344,136.88182067871094,50-200
B,IMG_82.jpg,44,32,32,0.6314936280250549,0.25,215.42323303222656,34,34,0.6186034083366394,0.3235294117647059,204.0865909352022,39,40,39,0.5726786255836487,0.05128205128205128,43.86461639404297,42.72805404663086,43.3857536315918,<50
B,IMG_83.jpg,57,31,31,0.6836187243461609,0.16129032258064516,165.15455627441406,42,42,0.6333745121955872,0.3333333333333333,134.5032826378232,38,47,38,0.5239818096160889,0.0,26.303796768188477,55.63925552368164,55.753231048583984,50-200
B,IMG_84.jpg,54,35,35,0.5849184393882751,0.2571428571428571,176.28814697265625,33,33,0.5859664082527161,0.3333333333333333,177.4647585550944,43,48,43,0.49286845326423645,0.09302325581395349,28.19157600402832,49.626739501953125,49.03848648071289,50-200
B,IMG_85.jpg,59,29,29,0.5940399765968323,0.06896551724137931,164.52626037597656,25,25,0.655443549156189,0.16,177.82419021606447,51,57,51,0.5028942823410034,0.0784313725490196,24.815963745117188,57.60136413574219,57.66997528076172,50-200
B,IMG_86.jpg,54,36,36,0.5697102546691895,0.05555555555555555,163.67481994628906,34,34,0.5510804653167725,0.23529411764705882,163.05265718347886,37,45,37,0.5321855545043945,0.0,35.19984436035156,48.130653381347656,49.03194808959961,50-200
B,IMG_87.jpg,54,36,36,0.617431640625,0.2222222222222222,200.7692108154297,35,35,0.5226852297782898,0.2,192.41270174298967,50,50,50,0.5707070827484131,0.04,34.78050231933594,58.23069381713867,58.483028411865234,50-200
B,IMG_88.jpg,163,25,25,0.5752129554748535,0.24,129.01878356933594,21,21,0.5575100779533386,0.2857142857142857,126.2722415015811,33,62,33,0.452949196100235,0.0,19.416030883789062,107.10411071777344,107.79937744140625,50-200
B,IMG_89.jpg,23,28,28,0.6819027662277222,0.21428571428571427,182.01687622070312,31,31,0.6467784643173218,0.1935483870967742,168.5829086303711,16,15,16,0.602148175239563,0.0,47.76287841796875,21.526601791381836,22.43640899658203,<50
B,IMG_90.jpg,195,33,33,0.5505775809288025,0.06060606060606061,146.97096252441406,26,26,0.5923551321029663,0.07692307692307693,154.4906522310697,79,120,79,0.47502753138542175,0.0,19.51245880126953,179.86767578125,178.74267578125,50-200
B,IMG_91.jpg,92,35,35,0.6074183583259583,0.2,166.8920440673828,40,40,0.5583680272102356,0.325,149.61729049682617,49,68,49,0.5294490456581116,0.0,29.132465362548828,88.8006591796875,86.76276397705078,50-200
B,IMG_92.jpg,63,28,28,0.6300139427185059,0.14285714285714285,202.1245880126953,30,30,0.6504814624786377,0.4,190.28090782165526,45,47,45,0.5173560380935669,0.044444444444444446,36.07453536987305,58.95817565917969,59.829627990722656,50-200
B,IMG_93.jpg,217,34,34,0.6181511878967285,0.08823529411764706,189.63352966308594,33,33,0.602866530418396,0.06060606060606061,188.7202139189749,74,97,74,0.4854190945625305,0.02702702702702703,25.51317596435547,197.5980682373047,193.36488342285156,200-500
B,IMG_94.jpg,52,27,27,0.6618602275848389,0.0,201.2914276123047,26,26,0.6448803544044495,0.0,188.92257609734168,40,50,40,0.5198227763175964,0.1,28.898876190185547,44.1469841003418,44.67938995361328,50-200
B,IMG_95.jpg,48,38,38,0.6041858196258545,0.15789473684210525,188.3358612060547,38,38,0.6142788529396057,0.15789473684210525,163.92530657115736,49,56,49,0.5502477288246155,0.04081632653061224,33.38733673095703,49.4213981628418,48.82103729248047,<50
B,IMG_96.jpg,211,30,30,0.6218339204788208,0.0,172.65826416015625,30,30,0.6506999135017395,0.26666666666666666,172.09477246602376,61,82,61,0.5049341320991516,0.03278688524590164,22.725013732910156,214.77294921875,213.228271484375,200-500
B,IMG_97.jpg,107,30,30,0.6626363396644592,0.06666666666666667,187.78768920898438,31,31,0.6177775859832764,0.3225806451612903,183.19619677143712,42,54,42,0.525475800037384,0.0,28.116012573242188,102.03582763671875,98.61901092529297,50-200
B,IMG_98.jpg,249,25,25,0.5608029365539551,0.16,201.34628295898438,25,25,0.5695332288742065,0.44,185.41905029296876,70,78,70,0.4715006649494171,0.0,28.12101936340332,226.1527862548828,226.05078125,200-500
B,IMG_99.jpg,113,35,35,0.53394615650177,0.05714285714285714,128.3272705078125,26,26,0.5495420098304749,0.07692307692307693,133.60267052283655,60,89,60,0.48099076747894287,0.1,18.016590118408203,106.26512908935547,107.14295196533203,50-200
B,IMG_100.jpg,157,29,29,0.5569847822189331,0.06896551724137931,187.11593627929688,24,24,0.6067976951599121,0.16666666666666666,196.740917523702,50,58,50,0.4368656277656555,0.0,24.58789825439453,136.13099670410156,132.78858947753906,50-200
B,IMG_101.jpg,37,30,30,0.6696690917015076,0.13333333333333333,185.40505981445312,33,33,0.6346757411956787,0.30303030303030304,167.00653330485025,33,43,33,0.5830907821655273,0.06060606060606061,32.63923263549805,36.00639343261719,35.51313400268555,<50
B,IMG_102.jpg,70,24,24,0.6347001194953918,0.08333333333333333,236.93365478515625,28,28,0.618409276008606,0.21428571428571427,225.12961333138603,59,65,59,0.5028926134109497,0.03389830508474576,34.445884704589844,66.852783203125,66.4075927734375,50-200
B,IMG_103.jpg,57,36,36,0.6388038396835327,0.05555555555555555,192.4002685546875,40,40,0.5998927354812622,0.3,186.58122234344484,49,50,49,0.5322407484054565,0.08163265306122448,36.62453079223633,56.29478073120117,55.939552307128906,50-200
B,IMG_104.jpg,44,27,27,0.6524908542633057,0.07407407407407407,159.4339599609375,33,33,0.5854991674423218,0.12121212121212122,138.80037758567116,38,53,38,0.53105229139328,0.15789473684210525,24.080533981323242,40.72967529296875,40.61957550048828,<50
B,IMG_105.jpg,227,34,34,0.5746826529502869,0.11764705882352941,189.09078979492188,29,29,0.6202055811882019,0.27586206896551724,194.9099623581459,77,97,77,0.45625829696655273,0.05194805194805195,27.488759994506836,201.61373901367188,202.22268676757812,200-500
B,IMG_106.jpg,165,34,34,0.5121637582778931,0.20588235294117646,189.53623962402344,23,23,0.566113293170929,0.17391304347826086,197.82436835247537,82,89,82,0.4923936724662781,0.04878048780487805,26.930397033691406,166.99314880371094,166.7437744140625,50-200
B,IMG_107.jpg,476,30,30,0.6137218475341797,0.0,199.8404998779297,30,30,0.5708824396133423,0.3,200.3025978088379,83,88,83,0.4743056297302246,0.024096385542168676,25.30788230895996,476.6235046386719,477.0535583496094,200-500
B,IMG_108.jpg,139,24,24,0.5800290703773499,0.3333333333333333,236.9463653564453,20,20,0.6067128777503967,0.2,242.33646392822266,60,54,60,0.4922164976596832,0.06666666666666667,34.39612579345703,134.91409301757812,134.29896545410156,50-200
B,IMG_109.jpg,316,35,35,0.49382999539375305,0.2,137.953369140625,28,28,0.5468258261680603,0.35714285714285715,148.51853043692452,61,111,61,0.471574991941452,0.03278688524590164,18.698673248291016,242.43199157714844,240.72195434570312,200-500
B,IMG_110.jpg,110,31,31,0.5444202423095703,0.12903225806451613,184.03207397460938,24,24,0.5585066676139832,0.16666666666666666,192.44848283131918,75,82,75,0.48062652349472046,0.05333333333333334,27.822418212890625,106.269287109375,105.47835540771484,50-200
B,IMG_111.jpg,20,27,27,0.6808218955993652,0.4074074074074074,223.2738494873047,27,27,0.6922831535339355,0.4074074074074074,217.417972140842,20,21,20,0.6550979018211365,0.0,54.093963623046875,19.850852966308594,19.499099731445312,<50
B,IMG_112.jpg,131,31,31,0.6500269770622253,0.06451612903225806,209.21063232421875,31,31,0.5760362148284912,0.1935483870967742,211.25311057798325,87,101,87,0.49242672324180603,0.09195402298850575,24.903255462646484,128.37344360351562,128.2200927734375,50-200
B,IMG_113.jpg,48,36,36,0.4914073348045349,0.1111111111111111,171.9840087890625,30,30,0.5361635684967041,0.26666666666666666,162.39327176411948,39,45,39,0.5325129628181458,0.05128205128205128,34.103904724121094,45.11125183105469,45.10654830932617,<50
B,IMG_114.jpg,183,31,31,0.5359549522399902,0.2903225806451613,190.84535217285156,27,27,0.552182137966156,0.4074074074074074,194.43351010923033,101,103,101,0.4719129800796509,0.039603960396039604,26.275089263916016,173.7298126220703,171.9677276611328,50-200
B,IMG_115.jpg,101,34,34,0.5159558653831482,0.058823529411764705,84.64571380615234,24,24,0.5232252478599548,0.0,99.74724292755127,22,62,22,0.5084524750709534,0.0,19.658069610595703,80.7081527709961,80.45655822753906,50-200
B,IMG_116.jpg,204,39,39,0.46963781118392944,0.3076923076923077,185.76480102539062,29,29,0.48842740058898926,0.2413793103448276,188.82998972925645,75,97,75,0.4534431993961334,0.05333333333333334,24.16478729248047,190.8219757080078,188.60935974121094,200-500
B,IMG_117.jpg,40,24,24,0.6136350035667419,0.3333333333333333,200.109375,26,26,0.5846801400184631,0.4230769230769231,177.38393812913162,22,29,22,0.6652113199234009,0.0,41.26607131958008,38.04866027832031,38.165130615234375,<50
B,IMG_118.jpg,143,28,28,0.5834954977035522,0.21428571428571427,217.4213104248047,23,23,0.5803654789924622,0.30434782608695654,229.2026148257048,78,73,78,0.40111297369003296,0.02564102564102564,26.689693450927734,150.89242553710938,150.3280029296875,50-200
B,IMG_119.jpg,146,41,41,0.5075356960296631,0.0,103.81532287597656,30,30,0.5011059045791626,0.1,112.04199879964193,56,106,56,0.5333582162857056,0.0,17.043699264526367,140.05433654785156,140.37026977539062,50-200
B,IMG_120.jpg,70,27,27,0.609276294708252,0.2222222222222222,164.47586059570312,19,19,0.7235597372055054,0.3157894736842105,178.78783095510383,38,53,38,0.5251834988594055,0.0,22.36637306213379,64.53775787353516,64.89505767822266,50-200
B,IMG_121.jpg,175,30,30,0.5821857452392578,0.06666666666666667,165.5748748779297,33,33,0.5490774512290955,0.30303030303030304,142.37804678714636,47,58,47,0.47472766041755676,0.0425531914893617,24.030019760131836,151.32923889160156,150.72726440429688,50-200
B,IMG_122.jpg,51,26,26,0.5689849853515625,0.07692307692307693,201.65890502929688,28,28,0.6251082420349121,0.14285714285714285,193.32080800192696,29,37,29,0.45206427574157715,0.06896551724137931,34.12425231933594,46.937049865722656,47.539859771728516,50-200
B,IMG_123.jpg,55,37,37,0.568259596824646,0.10810810810810811,131.74681091308594,29,29,0.5748906135559082,0.13793103448275862,140.32754148285966,41,50,41,0.5765600204467773,0.0,25.265071868896484,59.54634094238281,60.45606231689453,50-200
B,IMG_124.jpg,67,34,34,0.6300612092018127,0.058823529411764705,187.0547332763672,33,33,0.6231993436813354,0.12121212121212122,171.88094636165735,51,59,51,0.5054334998130798,0.11764705882352941,29.4449462890625,61.626590728759766,59.61676788330078,50-200
B,IMG_125.jpg,72,30,30,0.5702457427978516,0.13333333333333333,228.45774841308594,27,27,0.5645260214805603,0.07407407407407407,230.3059161150897,46,44,46,0.5118406414985657,0.043478260869565216,47.91004943847656,72.84169006347656,72.6968994140625,50-200
B,IMG_126.jpg,56,32,32,0.5739299058914185,0.1875,165.44595336914062,34,34,0.5308305025100708,0.38235294117647056,152.71663396498735,44,53,44,0.5744235515594482,0.09090909090909091,24.54182243347168,52.520782470703125,53.0300178527832,50-200
B,IMG_127.jpg,165,31,31,0.5761547088623047,0.1935483870967742,139.5713348388672,26,26,0.5782317519187927,0.19230769230769232,145.53448486328125,47,74,47,0.42934733629226685,0.0,19.752113342285156,132.09934997558594,128.94715881347656,50-200
B,IMG_128.jpg,32,32,32,0.6263842582702637,0.1875,189.8074493408203,34,34,0.5670911073684692,0.29411764705882354,171.26255147597368,28,41,28,0.6018773913383484,0.07142857142857142,35.810604095458984,31.18161392211914,29.960365295410156,<50
B,IMG_129.jpg,149,30,30,0.598385751247406,0.06666666666666667,218.42169189453125,23,23,0.5860267281532288,0.0,219.05259207020634,62,60,62,0.4791452884674072,0.0,29.385934829711914,146.05020141601562,147.94447326660156,50-200
B,IMG_130.jpg,80,32,32,0.6009871959686279,0.09375,186.91697692871094,30,30,0.5879915356636047,0.06666666666666667,189.48041280110678,68,73,68,0.4973408877849579,0.11764705882352941,26.109506607055664,72.26103973388672,72.34648895263672,50-200
B,IMG_131.jpg,117,42,42,0.4941643178462982,0.14285714285714285,156.49607849121094,38,38,0.5186004042625427,0.23684210526315788,150.74191284179688,98,101,98,0.5226170420646667,0.07142857142857142,22.29639434814453,108.53842163085938,108.24039459228516,50-200
B,IMG_132.jpg,162,25,25,0.5763449668884277,0.08,144.43568420410156,20,20,0.5458723306655884,0.1,138.81637725830078,49,67,49,0.4717171788215637,0.0,21.453697204589844,152.12420654296875,154.08067321777344,50-200
B,IMG_133.jpg,137,32,32,0.6043527126312256,0.0625,179.416259765625,29,29,0.5645883083343506,0.20689655172413793,204.1604434046252,65,88,65,0.47626423835754395,0.03076923076923077,26.285537719726562,138.45010375976562,138.44349670410156,50-200
B,IMG_134.jpg,120,33,33,0.519831657409668,0.30303030303030304,205.2324981689453,27,27,0.5547348856925964,0.14814814814814814,175.21509721544055,53,46,53,0.4639485478401184,0.0,43.750221252441406,107.94009399414062,108.38001251220703,50-200
B,IMG_135.jpg,72,28,28,0.5658477544784546,0.07142857142857142,222.43626403808594,24,24,0.5656834244728088,0.20833333333333334,219.87154006958008,64,60,64,0.5246554613113403,0.0,36.48320770263672,67.93270111083984,67.98739624023438,50-200
B,IMG_136.jpg,122,34,34,0.620743453502655,0.2647058823529412,198.89122009277344,31,31,0.6201153993606567,0.1935483870967742,190.92561783329134,72,73,72,0.49114280939102173,0.05555555555555555,28.800880432128906,109.817138671875,107.96223449707031,50-200
B,IMG_137.jpg,198,31,31,0.5261885523796082,0.22580645161290322,199.8135986328125,26,26,0.6055158376693726,0.4230769230769231,215.48712158203125,70,86,70,0.4498317241668701,0.0,25.163238525390625,177.8541717529297,178.2718505859375,50-200
B,IMG_138.jpg,133,26,26,0.573381781578064,0.0,180.36456298828125,21,21,0.59660804271698,0.0,181.7164822533017,41,48,41,0.4893811047077179,0.0,29.476295471191406,115.258056640625,115.04698944091797,50-200
B,IMG_139.jpg,147,32,32,0.6420300006866455,0.0,151.57009887695312,28,28,0.6490612626075745,0.14285714285714285,158.8820445196969,48,100,48,0.5269457697868347,0.041666666666666664,20.632661819458008,142.37469482421875,143.45465087890625,50-200
B,IMG_140.jpg,70,31,31,0.6685010194778442,0.06451612903225806,165.9922332763672,33,33,0.6435138583183289,0.18181818181818182,152.95277000196052,36,45,36,0.5620507597923279,0.0,27.712141036987305,74.03817749023438,73.85189819335938,50-200
B,IMG_141.jpg,35,27,27,0.6710634827613831,0.48148148148148145,216.30722045898438,30,30,0.6777157187461853,0.5666666666666667,202.79763565063476,26,36,26,0.637781023979187,0.0,43.844322204589844,33.99528121948242,34.2259521484375,<50
B,IMG_142.jpg,24,30,30,0.6677444577217102,0.2,192.59384155273438,28,28,0.6447586417198181,0.14285714285714285,176.33577115195138,26,38,26,0.5642362833023071,0.07692307692307693,34.10979080200195,24.362329483032227,23.963794708251953,<50
B,IMG_143.jpg,251,31,31,0.5270106792449951,0.06451612903225806,195.55691528320312,27,27,0.5719566941261292,0.3333333333333333,198.11771477593317,81,71,81,0.46615999937057495,0.024691358024691357,33.0482177734375,222.8297119140625,223.75192260742188,200-500
B,IMG_144.jpg,59,40,40,0.5939236879348755,0.175,170.35101318359375,44,44,0.5954203605651855,0.4090909090909091,158.8897769234397,44,47,44,0.5106686949729919,0.045454545454545456,32.341915130615234,53.34012985229492,53.29180145263672,50-200
B,IMG_145.jpg,67,38,38,0.5211137533187866,0.05263157894736842,186.9917449951172,35,35,0.540630042552948,0.2857142857142857,179.32737404959542,67,94,67,0.5650774240493774,0.08955223880597014,30.557886123657227,63.693294525146484,62.831260681152344,50-200
B,IMG_146.jpg,61,32,32,0.5199532508850098,0.1875,205.81887817382812,29,29,0.5565294027328491,0.41379310344827586,206.8354351438325,55,71,55,0.5567958354949951,0.0,33.951717376708984,55.545196533203125,55.875648498535156,50-200
B,IMG_147.jpg,248,32,32,0.5479358434677124,0.25,192.12542724609375,22,22,0.6436433792114258,0.2727272727272727,212.78988682140005,78,113,78,0.45742323994636536,0.0,23.70734405517578,236.7061309814453,234.72447204589844,200-500
B,IMG_148.jpg,252,35,35,0.5475249290466309,0.11428571428571428,196.00709533691406,22,22,0.6186708807945251,0.18181818181818182,228.73655076460406,87,104,87,0.4515317678451538,0.04597701149425287,24.96440887451172,248.02584838867188,245.35153198242188,200-500
B,IMG_149.jpg,147,32,32,0.49193447828292847,0.0625,88.69204711914062,36,36,0.49229806661605835,0.25,82.68358696831598,34,86,34,0.4682650566101074,0.0,20.072298049926758,141.12799072265625,139.3945770263672,50-200
B,IMG_150.jpg,121,32,32,0.6832312345504761,0.0,202.34130859375,23,23,0.7305920720100403,0.17391304347826086,217.59935196586278,50,63,50,0.5319755673408508,0.04,28.249738693237305,109.16181182861328,109.60729217529297,50-200
B,IMG_151.jpg,47,37,37,0.6408005356788635,0.05405405405405406,171.0220184326172,36,36,0.640426754951477,0.2777777777777778,159.84366681840686,36,45,36,0.5853930115699768,0.0,31.597808837890625,46.2343864440918,45.54134750366211,<50
B,IMG_152.jpg,505,31,31,0.49459266662597656,0.06451612903225806,189.6059112548828,24,24,0.5279180407524109,0.16666666666666666,210.7326110204061,112,128,112,0.431720107793808,0.05357142857142857,22.21668815612793,443.0284423828125,442.8489990234375,>=500
B,IMG_153.jpg,297,32,32,0.5632887482643127,0.0625,191.28173828125,26,26,0.5836552977561951,0.23076923076923078,209.14334810697116,79,87,79,0.43926939368247986,0.10126582278481013,22.006967544555664,288.3182678222656,285.6798400878906,200-500
B,IMG_154.jpg,465,35,35,0.572645366191864,0.0,183.94410705566406,26,26,0.653057336807251,0.15384615384615385,194.3394546508789,83,124,83,0.4620298445224762,0.12048192771084337,24.64936637878418,412.6419982910156,411.4353332519531,200-500
B,IMG_155.jpg,167,33,33,0.5055233240127563,0.18181818181818182,105.26972961425781,25,25,0.498342901468277,0.24,114.36210388183594,36,80,36,0.43012535572052,0.0,15.376471519470215,137.28175354003906,135.75408935546875,50-200
B,IMG_156.jpg,43,31,31,0.6314902901649475,0.16129032258064516,215.4029541015625,34,34,0.6347070336341858,0.17647058823529413,203.46028002570657,37,48,37,0.6005138754844666,0.0,39.36909103393555,41.426368713378906,40.005496978759766,<50
B,IMG_157.jpg,46,31,31,0.633025050163269,0.3870967741935484,183.09085083007812,32,32,0.6410337090492249,0.4375,182.5711908340454,26,27,26,0.6056879758834839,0.0,39.49481964111328,41.42166519165039,40.61148452758789,<50
B,IMG_158.jpg,91,33,33,0.582054078578949,0.06060606060606061,200.57174682617188,31,31,0.5789830684661865,0.0967741935483871,201.85746469805318,51,57,51,0.5259156227111816,0.0,31.228206634521484,86.96157836914062,86.05377960205078,50-200
B,IMG_159.jpg,263,34,34,0.5689368844032288,0.058823529411764705,204.5190887451172,28,28,0.5323302149772644,0.17857142857142858,205.2361831665039,90,121,90,0.485400527715683,0.12222222222222222,25.1328067779541,227.92559814453125,226.68850708007812,200-500
B,IMG_160.jpg,117,34,34,0.588047981262207,0.17647058823529413,205.77908325195312,31,31,0.5731849074363708,0.06451612903225806,204.4368618380639,76,66,76,0.49089694023132324,0.0,30.260644912719727,113.78902435302734,114.21815490722656,50-200
B,IMG_161.jpg,48,29,29,0.6027340888977051,0.3103448275862069,238.63018798828125,25,25,0.6606435179710388,0.36,225.81007598876954,34,38,34,0.6090541481971741,0.058823529411764705,42.47083282470703,45.954837799072266,45.07766342163086,<50
B,IMG_162.jpg,54,36,36,0.5807226300239563,0.3055555555555556,221.16671752929688,36,36,0.5608003735542297,0.4444444444444444,220.39155769348145,42,48,42,0.5858775973320007,0.09523809523809523,43.93714141845703,53.9528923034668,54.248748779296875,50-200
B,IMG_163.jpg,73,31,31,0.676437258720398,0.06451612903225806,136.26437377929688,32,32,0.6353793144226074,0.125,129.37139976024628,48,61,48,0.5255076885223389,0.0,21.314279556274414,66.09465789794922,65.8443374633789,50-200
B,IMG_164.jpg,122,29,29,0.5300852060317993,0.1724137931034483,198.82359313964844,27,27,0.5255358219146729,0.2222222222222222,207.35241416648583,54,63,54,0.4465213418006897,0.09259259259259259,32.66046905517578,115.79420471191406,113.90896606445312,50-200
B,IMG_165.jpg,60,27,27,0.6634884476661682,0.2222222222222222,239.48016357421875,27,27,0.6478762626647949,0.2222222222222222,223.49657581470632,57,68,57,0.4890490174293518,0.10526315789473684,32.55078125,55.32859420776367,55.21919631958008,50-200
B,IMG_166.jpg,170,35,35,0.6026577949523926,0.11428571428571428,189.04714965820312,30,30,0.6456592082977295,0.3,206.6453472137451,80,105,80,0.4720682203769684,0.0,24.56192398071289,160.91265869140625,158.82888793945312,50-200
B,IMG_167.jpg,167,28,28,0.6638501286506653,0.0,141.4075927734375,33,33,0.5606622695922852,0.21212121212121213,127.05557314554851,27,45,27,0.5193633437156677,0.07407407407407407,24.00474739074707,135.4178009033203,134.04151916503906,50-200
B,IMG_168.jpg,57,32,32,0.6245408654212952,0.0625,201.95054626464844,32,32,0.5681742429733276,0.21875,185.38259959220886,36,49,36,0.563002347946167,0.0,32.11577606201172,52.11200714111328,50.23139953613281,50-200
B,IMG_169.jpg,127,34,34,0.6043282151222229,0.0,187.0650634765625,32,32,0.547171950340271,0.0625,183.2974817752838,66,71,66,0.5251129269599915,0.06060606060606061,29.447168350219727,123.83557891845703,123.66313934326172,50-200
B,IMG_170.jpg,298,33,33,0.5484352707862854,0.30303030303030304,212.91282653808594,29,29,0.5569479465484619,0.10344827586206896,213.88525864173627,78,67,78,0.5030390620231628,0.05128205128205128,37.241268157958984,294.21240234375,293.8754577636719,200-500
B,IMG_171.jpg,14,27,27,0.6523925065994263,0.07407407407407407,163.05714416503906,33,33,0.6380611658096313,0.42424242424242425,145.32602148345023,11,25,11,0.7173696160316467,0.0,45.31084060668945,10.651815414428711,10.844450950622559,<50
B,IMG_172.jpg,11,18,18,0.7526247501373291,0.3333333333333333,192.16729736328125,21,21,0.7400890588760376,0.19047619047619047,191.4966439746675,11,14,11,0.796278178691864,0.0,44.950096130371094,11.106820106506348,10.431916236877441,<50
B,IMG_173.jpg,104,25,25,0.6956608295440674,0.08,179.05906677246094,23,23,0.6511626839637756,0.08695652173913043,177.70117469455886,39,45,39,0.542818546295166,0.0,26.244646072387695,89.20689392089844,88.85720825195312,50-200
B,IMG_174.jpg,143,35,35,0.5450038909912109,0.22857142857142856,176.04693603515625,24,24,0.5463106632232666,0.25,199.64603551228842,73,86,73,0.46732574701309204,0.0273972602739726,24.30632972717285,132.9179229736328,130.57337951660156,50-200
B,IMG_175.jpg,45,40,40,0.5780574083328247,0.325,180.72677612304688,33,33,0.5776695609092712,0.3333333333333333,177.19123447302616,36,47,36,0.6332246661186218,0.05555555555555555,34.27392578125,45.74767303466797,45.32560729980469,<50
B,IMG_176.jpg,229,26,26,0.5587508678436279,0.07692307692307693,156.6239471435547,23,23,0.6081604957580566,0.2608695652173913,162.03372789465863,69,102,69,0.44701334834098816,0.028985507246376812,20.109634399414062,194.29054260253906,194.15721130371094,200-500
B,IMG_177.jpg,20,31,31,0.7339114546775818,0.25806451612903225,204.32618713378906,33,33,0.7308809757232666,0.24242424242424243,197.0966928655451,18,24,18,0.6798753142356873,0.0,56.37531280517578,20.24454116821289,19.900352478027344,<50
B,IMG_178.jpg,41,27,27,0.6508570909500122,0.14814814814814814,188.67391967773438,31,31,0.6214755773544312,0.3870967741935484,175.06896788074124,25,25,25,0.5119668841362,0.0,33.51223373413086,36.66398239135742,36.86719512939453,<50
B,IMG_179.jpg,79,36,36,0.5639346241950989,0.2222222222222222,156.8094482421875,31,31,0.5748231410980225,0.2903225806451613,164.05964119203628,55,71,55,0.5781096816062927,0.07272727272727272,24.16586685180664,68.3927993774414,68.59432220458984,50-200
B,IMG_180.jpg,101,29,29,0.5668651461601257,0.06896551724137931,180.53460693359375,30,30,0.6038488149642944,0.2,161.7049710591634,45,58,45,0.4727702736854553,0.044444444444444446,27.585411071777344,96.33622741699219,93.30287170410156,50-200
B,IMG_181.jpg,60,33,33,0.6524616479873657,0.06060606060606061,140.49295043945312,39,39,0.5723279714584351,0.28205128205128205,123.44075559958434,35,37,35,0.57770174741745,0.0,27.688796997070312,54.99725341796875,54.82141876220703,50-200
B,IMG_182.jpg,253,31,31,0.6157314777374268,0.16129032258064516,216.80035400390625,28,28,0.603149950504303,0.21428571428571427,211.78382274082728,85,82,85,0.475524365901947,0.07058823529411765,29.199012756347656,240.52890014648438,237.46853637695312,200-500
B,IMG_183.jpg,187,33,33,0.5389399528503418,0.0,172.4478759765625,22,22,0.5100507140159607,0.13636363636363635,203.93870371038264,56,82,56,0.48937782645225525,0.03571428571428571,23.558963775634766,162.83599853515625,162.20327758789062,50-200
B,IMG_184.jpg,184,27,27,0.5884057283401489,0.0,197.0557861328125,26,26,0.5834850072860718,0.15384615384615385,196.8921127319336,88,107,88,0.5113911628723145,0.022727272727272728,27.558399200439453,169.05618286132812,170.04196166992188,50-200
B,IMG_185.jpg,106,24,24,0.6580296158790588,0.16666666666666666,180.3476104736328,26,26,0.642126202583313,0.3076923076923077,172.6266287290133,48,50,48,0.46930086612701416,0.08333333333333333,25.44036293029785,98.99478149414062,98.12958526611328,50-200
B,IMG_186.jpg,104,31,31,0.5821767449378967,0.06451612903225806,216.2484588623047,34,34,0.544950008392334,0.23529411764705882,201.33995673235725,72,74,72,0.5639171600341797,0.05555555555555555,32.00263214111328,96.04833984375,95.10508728027344,50-200
B,IMG_187.jpg,159,31,31,0.5532719492912292,0.06451612903225806,157.73561096191406,32,32,0.5276281833648682,0.25,155.8624563217163,71,76,71,0.4781956076622009,0.07042253521126761,23.65779685974121,124.76919555664062,125.06744384765625,50-200
B,IMG_188.jpg,56,34,34,0.6659144163131714,0.17647058823529413,196.6143035888672,36,36,0.630012571811676,0.19444444444444445,187.59624502393933,44,48,44,0.6177791357040405,0.045454545454545456,34.46525192260742,56.35902786254883,55.36789321899414,50-200
B,IMG_189.jpg,40,31,31,0.7047812938690186,0.22580645161290322,189.4666290283203,31,31,0.7212046980857849,0.3548387096774194,166.59950280958606,32,35,32,0.5420520305633545,0.0625,33.658973693847656,37.79130935668945,37.20442581176758,<50
B,IMG_190.jpg,90,34,34,0.5847898125648499,0.0,164.4385528564453,35,35,0.6267239451408386,0.34285714285714286,157.90503049577987,65,64,65,0.5003306865692139,0.06153846153846154,24.74632453918457,91.38713073730469,91.45526123046875,50-200
B,IMG_191.jpg,301,30,30,0.5179817080497742,0.1,117.22750091552734,25,25,0.5580911040306091,0.08,124.6991537475586,45,96,45,0.4881633222103119,0.0,16.979616165161133,253.7739715576172,255.24952697753906,200-500
B,IMG_192.jpg,58,32,32,0.6003674268722534,0.0,135.68612670898438,34,34,0.5490899682044983,0.35294117647058826,118.59541803247788,44,57,44,0.5771846175193787,0.045454545454545456,19.447978973388672,51.8084716796875,52.00259017944336,50-200
B,IMG_193.jpg,172,27,27,0.6388188600540161,0.07407407407407407,176.43641662597656,25,25,0.5609645247459412,0.16,184.0508120727539,50,66,50,0.4584500789642334,0.0,24.166112899780273,151.5548095703125,149.76690673828125,50-200
B,IMG_194.jpg,213,30,30,0.6139678955078125,0.0,119.07438659667969,22,22,0.5730421543121338,0.0,134.4431949962269,40,94,40,0.5320366621017456,0.05,17.874387741088867,190.0583953857422,187.94332885742188,200-500
B,IMG_195.jpg,61,28,28,0.6037243604660034,0.0,157.53379821777344,30,30,0.5535854697227478,0.26666666666666666,144.02503178914387,50,65,50,0.5470401048660278,0.0,22.4271297454834,56.59207534790039,57.38794708251953,50-200
B,IMG_196.jpg,107,36,36,0.608600914478302,0.1111111111111111,193.30563354492188,32,32,0.5928429961204529,0.28125,191.69015908241272,61,77,61,0.5631960034370422,0.0,29.707475662231445,100.4545669555664,99.20468139648438,50-200
B,IMG_197.jpg,93,34,34,0.5581141114234924,0.058823529411764705,206.87869262695312,31,31,0.56227046251297,0.1935483870967742,205.25221178608555,49,59,49,0.5194923877716064,0.04081632653061224,29.849292755126953,80.05321502685547,78.879150390625,50-200
B,IMG_198.jpg,9,25,25,0.6996761560440063,0.08,179.67807006835938,24,24,0.6333577036857605,0.16666666666666666,179.4016280968984,9,13,9,0.6796650290489197,0.0,67.13247680664062,10.058873176574707,10.030942916870117,<50
B,IMG_199.jpg,88,28,28,0.6111195683479309,0.07142857142857142,224.29159545898438,25,25,0.6405975818634033,0.28,232.4405303955078,64,55,64,0.4843027591705322,0.03125,38.89583206176758,83.3589859008789,83.25174713134766,50-200
B,IMG_200.jpg,48,33,33,0.6493793725967407,0.12121212121212122,184.88668823242188,34,34,0.5175968408584595,0.23529411764705882,175.1186279970057,46,45,46,0.5723787546157837,0.0,27.49034309387207,48.852054595947266,48.950927734375,<50
B,IMG_201.jpg,131,33,33,0.5316250920295715,0.24242424242424243,147.0865478515625,25,25,0.5957587361335754,0.08,159.38929107666016,53,81,53,0.48708412051200867,0.03773584905660377,22.175113677978516,108.48929595947266,105.8581771850586,50-200
B,IMG_202.jpg,180,32,32,0.5281991958618164,0.125,184.61013793945312,25,25,0.5543375611305237,0.24,198.4215823364258,101,119,101,0.45465153455734253,0.039603960396039604,21.115140914916992,171.0953826904297,170.35623168945312,50-200
B,IMG_203.jpg,187,34,34,0.53970867395401,0.14705882352941177,125.80046844482422,23,23,0.5544456243515015,0.30434782608695654,146.83438243036684,41,78,41,0.4790472984313965,0.0,18.40764045715332,137.3520965576172,136.86199951171875,50-200
B,IMG_204.jpg,148,28,28,0.5799112319946289,0.0,172.1328125,23,23,0.6123784184455872,0.13043478260869565,188.17314446490744,65,76,65,0.4280998110771179,0.06153846153846154,22.606916427612305,148.2408447265625,146.23818969726562,50-200
B,IMG_205.jpg,57,39,39,0.6194567084312439,0.0,125.8973617553711,39,39,0.6600111126899719,0.23076923076923078,121.15479034032577,51,60,51,0.6179651618003845,0.0,21.15718650817871,59.431278228759766,59.831642150878906,50-200
B,IMG_206.jpg,86,29,29,0.548041582107544,0.10344827586206896,208.56289672851562,23,23,0.5546338558197021,0.08695652173913043,223.08200769839078,79,93,79,0.5413257479667664,0.02531645569620253,29.235231399536133,83.6265640258789,83.20976257324219,50-200
B,IMG_207.jpg,106,31,31,0.5828859210014343,0.06451612903225806,179.1901092529297,34,34,0.6066047549247742,0.20588235294117646,167.05641039680032,52,63,52,0.6021184921264648,0.0,37.26787185668945,89.41179656982422,90.41126251220703,50-200
B,IMG_208.jpg,72,30,30,0.6034098863601685,0.3333333333333333,188.2947540283203,28,28,0.620847225189209,0.4642857142857143,187.41033560889107,47,54,47,0.5389525890350342,0.0425531914893617,30.691242218017578,62.06761932373047,62.08344268798828,50-200
B,IMG_209.jpg,149,32,32,0.5582108497619629,0.0625,188.05284118652344,25,25,0.5529619455337524,0.24,206.83855895996095,53,60,53,0.5019818544387817,0.03773584905660377,26.26114845275879,135.99261474609375,134.68846130371094,50-200
B,IMG_210.jpg,33,28,28,0.6447062492370605,0.17857142857142858,105.30745697021484,30,30,0.6096276640892029,0.2,94.1055856068929,31,36,31,0.5942858457565308,0.12903225806451613,19.020917892456055,34.23686981201172,33.50767517089844,<50
B,IMG_211.jpg,51,32,32,0.644227147102356,0.1875,190.25277709960938,37,37,0.5957881212234497,0.35135135135135137,180.0488249289023,39,47,39,0.5662258267402649,0.0,36.67869186401367,51.93949508666992,52.050655364990234,50-200
B,IMG_212.jpg,139,31,31,0.5977310538291931,0.12903225806451613,167.8018798828125,26,26,0.612977147102356,0.0,171.58530954214243,85,97,85,0.47943347692489624,0.07058823529411765,22.94976234436035,141.85467529296875,141.47763061523438,50-200
B,IMG_213.jpg,284,35,35,0.5256626009941101,0.11428571428571428,204.8602294921875,33,33,0.5345107913017273,0.24242424242424243,205.92882977109966,91,113,91,0.47499850392341614,0.02197802197802198,24.607595443725586,237.05157470703125,236.027587890625,200-500
B,IMG_214.jpg,138,35,35,0.5561158061027527,0.11428571428571428,167.9208526611328,25,25,0.5464428067207336,0.0,176.26203887939454,65,75,65,0.4926007091999054,0.03076923076923077,24.06778335571289,129.74050903320312,129.52919006347656,50-200
B,IMG_215.jpg,52,38,38,0.5611934065818787,0.2631578947368421,198.56011962890625,31,31,0.6081228852272034,0.22580645161290322,203.61738684869582,47,56,47,0.5486668348312378,0.0425531914893617,37.586631774902344,44.94260025024414,44.807167053222656,50-200
B,IMG_216.jpg,161,29,29,0.6372799873352051,0.06896551724137931,210.09317016601562,28,28,0.6382746696472168,0.32142857142857145,213.2841908591134,59,65,59,0.527891993522644,0.0,30.7878360748291,155.7020721435547,156.0572967529297,50-200
B,IMG_217.jpg,109,41,41,0.5617785453796387,0.14634146341463414,160.69747924804688,36,36,0.5811755061149597,0.2777777777777778,162.18000517951117,67,85,67,0.5291960835456848,0.029850746268656716,26.840761184692383,103.54754638671875,103.18173217773438,50-200
B,IMG_218.jpg,73,35,35,0.5420560836791992,0.17142857142857143,192.60850524902344,32,32,0.5282003283500671,0.1875,198.77701234817505,59,66,59,0.5629334449768066,0.0847457627118644,30.665624618530273,66.84169006347656,66.29090118408203,50-200
B,IMG_219.jpg,450,29,29,0.5183639526367188,0.2413793103448276,137.90911865234375,24,24,0.481899231672287,0.08333333333333333,147.17992385228476,71,119,71,0.4509522318840027,0.08450704225352113,18.452112197875977,389.4093017578125,388.0571594238281,200-500
B,IMG_220.jpg,70,40,40,0.5522167086601257,0.1,150.77487182617188,35,35,0.5690563917160034,0.2,146.4765521458217,65,69,65,0.5249630808830261,0.06153846153846154,23.038164138793945,69.54728698730469,69.0471420288086,50-200
B,IMG_221.jpg,74,33,33,0.6195324063301086,0.06060606060606061,160.0390625,38,38,0.5912140011787415,0.3157894736842105,140.81274404023824,48,56,48,0.5080066323280334,0.041666666666666664,26.054031372070312,77.2743911743164,77.9457015991211,50-200
B,IMG_222.jpg,154,36,36,0.5927003622055054,0.0,155.95912170410156,31,31,0.620292603969574,0.22580645161290322,162.64186256162583,42,75,42,0.46959078311920166,0.047619047619047616,24.183774948120117,123.37747192382812,120.28433990478516,50-200
B,IMG_223.jpg,144,40,40,0.5515627861022949,0.05,150.37286376953125,30,30,0.6049265265464783,0.06666666666666667,169.09962463378906,58,86,58,0.5039516687393188,0.034482758620689655,23.735166549682617,144.30296325683594,143.93479919433594,50-200
B,IMG_224.jpg,142,33,33,0.5750150680541992,0.21212121212121213,172.17886352539062,22,22,0.6719867587089539,0.0,180.97828483581543,58,69,58,0.47702062129974365,0.05172413793103448,22.864112854003906,123.43896484375,119.10435485839844,50-200
B,IMG_225.jpg,265,29,29,0.587492048740387,0.20689655172413793,179.05828857421875,27,27,0.6518412828445435,0.2962962962962963,182.1135166309498,82,114,82,0.44502755999565125,0.12195121951219512,22.462989807128906,229.6085968017578,227.8876190185547,200-500
B,IMG_226.jpg,94,23,23,0.6437653303146362,0.17391304347826086,168.0771484375,23,23,0.6287358999252319,0.17391304347826086,146.62401978865913,46,75,46,0.5698898434638977,0.0,21.54084014892578,89.703857421875,88.35176086425781,50-200
B,IMG_227.jpg,96,31,31,0.5706566572189331,0.1935483870967742,194.11009216308594,29,29,0.5407651662826538,0.4482758620689655,188.88994045915274,60,54,60,0.45522060990333557,0.0,35.7044677734375,97.24100494384766,98.96695709228516,50-200
B,IMG_228.jpg,159,28,28,0.5504270792007446,0.2857142857142857,139.6638641357422,20,20,0.6261462569236755,0.3,151.70719261169432,67,99,67,0.4881385266780853,0.05970149253731343,18.89974594116211,151.9314422607422,149.405029296875,50-200
B,IMG_229.jpg,64,34,34,0.6030406355857849,0.14705882352941177,185.35415649414062,29,29,0.5981428623199463,0.1724137931034483,191.042996899835,57,59,57,0.488097608089447,0.15789473684210525,24.769227981567383,59.89373779296875,58.882171630859375,50-200
B,IMG_230.jpg,93,30,30,0.6290972828865051,0.06666666666666667,200.416748046875,24,24,0.6261020302772522,0.16666666666666666,220.26499366760254,60,51,60,0.4714631140232086,0.06666666666666667,30.879310607910156,86.27590942382812,85.52503204345703,50-200
B,IMG_231.jpg,79,33,33,0.5947449803352356,0.0,175.34718322753906,28,28,0.6052037477493286,0.21428571428571427,182.91877392360144,47,54,47,0.5532512068748474,0.0,29.83932876586914,76.08645629882812,76.23672485351562,50-200
B,IMG_232.jpg,133,28,28,0.6197732090950012,0.14285714285714285,146.8783416748047,26,26,0.64479660987854,0.15384615384615385,147.30646544236404,37,49,37,0.5359945297241211,0.0,26.201271057128906,110.52961730957031,110.28775787353516,50-200
B,IMG_233.jpg,29,21,21,0.7117990851402283,0.09523809523809523,141.0258331298828,35,35,0.5811062455177307,0.2571428571428571,106.80946366446359,17,19,17,0.5112840533256531,0.11764705882352941,29.08123779296875,32.33414840698242,32.884010314941406,<50
B,IMG_234.jpg,212,31,31,0.48133042454719543,0.06451612903225806,187.22735595703125,24,24,0.5350450873374939,0.25,192.4503370920817,92,105,92,0.4902550280094147,0.06521739130434782,27.17348861694336,200.60768127441406,201.31773376464844,200-500
B,IMG_235.jpg,180,32,32,0.4872700870037079,0.0,143.2060089111328,32,32,0.45956629514694214,0.375,136.8067226409912,89,103,89,0.4547724425792694,0.0449438202247191,22.732166290283203,166.87710571289062,166.714111328125,50-200
B,IMG_236.jpg,196,31,31,0.5702269673347473,0.06451612903225806,205.20208740234375,31,31,0.5437154173851013,0.3548387096774194,201.38180541992188,96,86,96,0.47644171118736267,0.0,32.56329345703125,187.43077087402344,184.38185119628906,50-200
B,IMG_237.jpg,323,31,31,0.5388491153717041,0.12903225806451613,184.41807556152344,25,25,0.568833589553833,0.32,177.98413513183593,82,88,82,0.4850532114505768,0.07317073170731707,27.452640533447266,252.29519653320312,249.76284790039062,200-500
B,IMG_238.jpg,51,35,35,0.5973579287528992,0.2571428571428571,201.03684997558594,33,33,0.5906286835670471,0.2727272727272727,202.35940967906606,44,40,44,0.5192141532897949,0.11363636363636363,40.86450958251953,48.16903305053711,48.33116149902344,50-200
B,IMG_239.jpg,166,29,29,0.5277842283248901,0.0,174.66600036621094,23,23,0.5010501146316528,0.08695652173913043,187.76214168382728,66,76,66,0.42839303612709045,0.030303030303030304,23.061431884765625,158.19082641601562,160.23080444335938,50-200
B,IMG_240.jpg,94,37,37,0.5726248025894165,0.16216216216216217,140.96200561523438,35,35,0.6221647262573242,0.17142857142857143,142.08777836390905,37,60,37,0.520140528678894,0.08108108108108109,25.350624084472656,79.89037322998047,79.28168487548828,50-200
B,IMG_241.jpg,89,35,35,0.5505874156951904,0.17142857142857143,174.2904815673828,26,26,0.5836138725280762,0.23076923076923078,180.86159045879657,60,62,60,0.5337541103363037,0.03333333333333333,28.2242488861084,83.03340148925781,81.94549560546875,50-200
B,IMG_242.jpg,177,30,30,0.5780288577079773,0.06666666666666667,181.17770385742188,16,16,0.6779193878173828,0.0,227.89957284927368,50,57,50,0.46075668931007385,0.04,25.617881774902344,184.0415802001953,182.06028747558594,50-200
B,IMG_243.jpg,143,37,37,0.577672004699707,0.2972972972972973,182.3296356201172,32,32,0.6251975297927856,0.1875,187.14422178268433,64,72,64,0.485698401927948,0.0625,27.01009750366211,128.9475555419922,129.1772918701172,50-200
B,IMG_244.jpg,105,31,31,0.5871802568435669,0.12903225806451613,185.48187255859375,32,32,0.5892032980918884,0.1875,164.22603273391724,56,68,56,0.520199716091156,0.03571428571428571,28.435283660888672,81.73329162597656,81.530517578125,50-200
B,IMG_245.jpg,85,38,38,0.5951123237609863,0.21052631578947367,179.27976989746094,29,29,0.5975393652915955,0.27586206896551724,186.39162629226158,49,52,49,0.47101303935050964,0.12244897959183673,29.810203552246094,88.13861846923828,89.53852844238281,50-200
B,IMG_246.jpg,376,33,33,0.4759781062602997,0.18181818181818182,183.2978057861328,27,27,0.483445405960083,0.37037037037037035,185.9246701841001,89,90,89,0.49526768922805786,0.06741573033707865,29.64118766784668,332.36346435546875,332.9620056152344,200-500
B,IMG_247.jpg,104,37,37,0.5565638542175293,0.16216216216216217,160.0618896484375,35,35,0.5367838144302368,0.2571428571428571,154.48866359165737,57,74,57,0.5082728266716003,0.08771929824561403,25.2324275970459,108.14153289794922,104.62262725830078,50-200
B,IMG_248.jpg,62,37,37,0.5558629631996155,0.13513513513513514,187.21217346191406,29,29,0.595215916633606,0.13793103448275862,187.30809954939218,46,63,46,0.5796119570732117,0.10869565217391304,30.93570899963379,62.23304748535156,60.86811447143555,50-200
B,IMG_249.jpg,107,29,29,0.55271315574646,0.13793103448275862,213.7618408203125,28,28,0.5211577415466309,0.10714285714285714,189.53719874790735,58,58,58,0.49779027700424194,0.034482758620689655,52.66315841674805,104.20866394042969,105.32430267333984,50-200
B,IMG_250.jpg,24,25,25,0.6453797817230225,0.28,213.37828063964844,26,26,0.6496716141700745,0.4230769230769231,196.15356269249548,22,25,22,0.5872312784194946,0.0,48.176700592041016,22.112207412719727,22.031660079956055,<50
B,IMG_251.jpg,274,34,34,0.6600885987281799,0.0,184.54196166992188,32,32,0.6411704421043396,0.1875,188.35329127311707,72,96,72,0.5058715343475342,0.05555555555555555,26.095645904541016,242.20571899414062,242.3619842529297,200-500
B,IMG_252.jpg,31,33,33,0.69476717710495,0.12121212121212122,198.6544647216797,30,30,0.6532678604125977,0.23333333333333334,207.1993746439616,30,30,30,0.5883328914642334,0.0,42.29098892211914,34.71485900878906,34.98868942260742,<50
B,IMG_253.jpg,132,31,31,0.6330787539482117,0.0,201.46046447753906,28,28,0.6610293984413147,0.14285714285714285,201.42290823800224,58,69,58,0.5265071392059326,0.034482758620689655,28.36090850830078,123.96670532226562,123.00928497314453,50-200
B,IMG_254.jpg,91,28,28,0.6085323691368103,0.0,214.42979431152344,27,27,0.6562423706054688,0.14814814814814814,210.27930337411385,84,88,84,0.5139140486717224,0.07142857142857142,29.36867332458496,86.82916259765625,86.26805114746094,50-200
B,IMG_255.jpg,49,30,30,0.5657160878181458,0.1,102.36043548583984,32,32,0.5636130571365356,0.40625,94.76364091038704,29,36,29,0.44281432032585144,0.06896551724137931,18.040088653564453,41.95199203491211,41.329769134521484,<50
B,IMG_256.jpg,194,32,32,0.5316169857978821,0.1875,177.08795166015625,24,24,0.5982495546340942,0.08333333333333333,187.85593509674072,95,125,95,0.48671823740005493,0.08421052631578947,22.37321662902832,184.4346923828125,186.70645141601562,50-200
B,IMG_257.jpg,131,28,28,0.6276847720146179,0.0,185.35301208496094,29,29,0.6017085313796997,0.13793103448275862,177.65485211076407,66,85,66,0.4640291929244995,0.09090909090909091,22.065093994140625,130.299072265625,130.56048583984375,50-200
B,IMG_258.jpg,55,31,31,0.5635697841644287,0.12903225806451613,182.37716674804688,32,32,0.541216254234314,0.0625,169.04947847127914,28,35,28,0.5128957629203796,0.10714285714285714,33.60918045043945,46.69786834716797,46.360443115234375,50-200
B,IMG_259.jpg,87,36,36,0.5538338422775269,0.16666666666666666,176.0719451904297,31,31,0.5492214560508728,0.06451612903225806,171.30753990911668,55,66,55,0.526858389377594,0.0,27.545499801635742,91.91654205322266,92.02605438232422,50-200
B,IMG_260.jpg,53,30,30,0.6002987027168274,0.13333333333333333,231.48171997070312,34,34,0.5381503105163574,0.4411764705882353,205.31844643985525,38,46,38,0.5728928446769714,0.0,56.15962219238281,44.23752212524414,45.52153396606445,50-200
B,IMG_261.jpg,184,34,34,0.5426368713378906,0.058823529411764705,183.36227416992188,28,28,0.5789697766304016,0.39285714285714285,204.19537326267786,57,84,57,0.49463745951652527,0.07017543859649122,25.645763397216797,153.8782501220703,152.9697265625,50-200
B,IMG_262.jpg,137,36,36,0.47104278206825256,0.0,91.66851806640625,31,31,0.41538265347480774,0.0,91.78353094285534,51,108,51,0.4948734939098358,0.0392156862745098,15.844590187072754,133.8946533203125,133.4983367919922,50-200
B,IMG_263.jpg,95,31,31,0.5702958106994629,0.2903225806451613,206.09133911132812,28,28,0.5973135828971863,0.10714285714285714,212.8928154536656,54,63,54,0.428090900182724,0.037037037037037035,25.84799575805664,92.3228530883789,90.47958374023438,50-200
B,IMG_264.jpg,36,37,37,0.636806309223175,0.21621621621621623,198.48390197753906,41,41,0.6114864349365234,0.21951219512195122,173.9716510307498,26,37,26,0.6076051592826843,0.11538461538461539,44.387840270996094,32.76919174194336,30.710729598999023,<50
B,IMG_265.jpg,28,31,31,0.6401308178901672,0.12903225806451613,203.12261962890625,32,32,0.6259138584136963,0.125,197.70203271508217,28,45,28,0.5718722939491272,0.0,37.41415786743164,24.152482986450195,23.666725158691406,<50
B,IMG_266.jpg,59,37,37,0.6306453943252563,0.05405405405405406,162.5853729248047,42,42,0.5842069387435913,0.16666666666666666,147.53074400765556,44,53,44,0.5273544788360596,0.09090909090909091,25.823047637939453,52.8394889831543,52.48077392578125,50-200
B,IMG_267.jpg,62,33,33,0.5413621068000793,0.15151515151515152,170.90316772460938,27,27,0.5828827619552612,0.2962962962962963,177.59544372558594,44,49,44,0.5533193945884705,0.0,36.13768768310547,62.619110107421875,63.134132385253906,50-200
B,IMG_268.jpg,79,24,24,0.5988364219665527,0.3333333333333333,215.91184997558594,23,23,0.6227769255638123,0.34782608695652173,202.15674292522928,64,81,64,0.5271832346916199,0.0,28.044910430908203,79.28376770019531,76.8740005493164,50-200
B,IMG_269.jpg,304,29,29,0.5464533567428589,0.1724137931034483,204.50942993164062,27,27,0.5607788562774658,0.2222222222222222,208.44233336272063,97,112,97,0.47265833616256714,0.041237113402061855,24.62691879272461,281.17767333984375,282.709716796875,200-500
B,IMG_270.jpg,142,35,35,0.555449903011322,0.05714285714285714,194.6175994873047,30,30,0.5525886416435242,0.16666666666666666,196.4065284729004,69,75,69,0.47116100788116455,0.0,26.527210235595703,132.8442840576172,132.80868530273438,50-200
B,IMG_271.jpg,54,28,28,0.5721379518508911,0.17857142857142858,156.8601837158203,26,26,0.5757116079330444,0.15384615384615385,147.7471133012038,40,44,40,0.5470417141914368,0.0,23.637012481689453,52.71322250366211,51.24301528930664,50-200
B,IMG_272.jpg,164,30,30,0.504740834236145,0.26666666666666666,210.2598114013672,25,25,0.5054910778999329,0.32,183.67018859863282,80,81,80,0.5329905152320862,0.0,35.90565490722656,150.24563598632812,148.51023864746094,50-200
B,IMG_273.jpg,61,38,38,0.6095218658447266,0.15789473684210525,152.61788940429688,42,42,0.6274915337562561,0.30952380952380953,142.419829868135,40,47,40,0.6094810366630554,0.05,29.80121421813965,62.322898864746094,62.144588470458984,50-200
B,IMG_274.jpg,200,32,32,0.5786215662956238,0.09375,189.69046020507812,27,27,0.5419876575469971,0.14814814814814814,189.95257907443576,87,89,87,0.4741653800010681,0.11494252873563218,25.6718807220459,168.8933868408203,167.81976318359375,200-500
B,IMG_275.jpg,88,26,26,0.607136070728302,0.07692307692307693,216.6316680908203,24,24,0.5798635482788086,0.16666666666666666,216.54243437449136,78,75,78,0.5210463404655457,0.07692307692307693,28.500757217407227,83.27876281738281,82.38600158691406,50-200
B,IMG_276.jpg,38,29,29,0.6619904041290283,0.06896551724137931,181.01841735839844,32,32,0.6687207221984863,0.1875,153.65040111541748,29,47,29,0.5974138975143433,0.06896551724137931,33.167633056640625,37.84440612792969,36.88333511352539,<50
B,IMG_277.jpg,67,36,36,0.5749015808105469,0.16666666666666666,169.50006103515625,32,32,0.5705204606056213,0.1875,171.9301221370697,55,68,55,0.5250474810600281,0.0,24.430023193359375,63.72492599487305,62.8310546875,50-200
B,IMG_278.jpg,57,34,34,0.5492497086524963,0.17647058823529413,177.69345092773438,25,25,0.568679690361023,0.16,180.60194747924805,34,41,34,0.5325472354888916,0.0,33.815818786621094,53.97553634643555,54.115074157714844,50-200
B,IMG_279.jpg,196,28,28,0.4999493658542633,0.14285714285714285,113.14507293701172,23,23,0.4906821548938751,0.08695652173913043,115.7620212720788,48,89,48,0.40629252791404724,0.1875,16.89178466796875,152.2405548095703,151.0618438720703,50-200
B,IMG_280.jpg,87,33,33,0.5996518135070801,0.0,188.265380859375,30,30,0.5998919606208801,0.0,193.77924474080405,60,61,60,0.4811263680458069,0.1,28.92687225341797,86.27671813964844,87.57279205322266,50-200
B,IMG_281.jpg,146,22,22,0.6620742678642273,0.09090909090909091,145.28831481933594,24,24,0.6139864325523376,0.25,144.47285334269205,32,64,32,0.480569988489151,0.0,20.93832778930664,133.56085205078125,132.53475952148438,50-200
B,IMG_282.jpg,24,23,23,0.6921619772911072,0.30434782608695654,128.13331604003906,27,27,0.6466323733329773,0.4074074074074074,118.42834062929506,19,19,19,0.611032247543335,0.0,35.71060562133789,20.85283088684082,21.732812881469727,<50
B,IMG_283.jpg,226,37,37,0.6225667595863342,0.05405405405405406,147.34661865234375,35,35,0.6215901374816895,0.14285714285714285,145.19366738455636,56,121,56,0.5621858239173889,0.0,21.277782440185547,194.44747924804688,194.0113983154297,200-500
B,IMG_284.jpg,38,25,25,0.7015032172203064,0.08,181.69410705566406,33,33,0.6038156747817993,0.36363636363636365,158.38403470588452,26,29,26,0.6169087886810303,0.07692307692307693,36.15249252319336,36.36914825439453,36.06087112426758,<50
B,IMG_285.jpg,54,27,27,0.6105400323867798,0.0,175.55120849609375,27,27,0.5581810474395752,0.07407407407407407,156.46798027886285,34,39,34,0.49941837787628174,0.058823529411764705,29.48560905456543,49.37409210205078,48.81652069091797,50-200
B,IMG_286.jpg,66,36,36,0.584994375705719,0.2777777777777778,198.1649932861328,31,31,0.5334022641181946,0.3870967741935484,191.5530242919922,45,54,45,0.5420900583267212,0.044444444444444446,33.34711456298828,73.34666442871094,72.25843048095703,50-200
B,IMG_287.jpg,89,36,36,0.5125249028205872,0.2222222222222222,153.387939453125,25,25,0.5384300351142883,0.16,153.69380661010743,73,78,73,0.5450121760368347,0.0547945205479452,21.6094913482666,83.89639282226562,84.16220092773438,50-200
B,IMG_288.jpg,19,29,29,0.6851623058319092,0.0,202.42037963867188,29,29,0.6394245028495789,0.13793103448275862,184.6887975890061,18,31,18,0.6351040601730347,0.1111111111111111,49.52779006958008,20.94841957092285,20.960622787475586,<50
B,IMG_289.jpg,45,33,33,0.6491029262542725,0.12121212121212122,181.5547637939453,28,28,0.641167163848877,0.25,193.97177260262626,36,37,36,0.5250605344772339,0.05555555555555555,34.401336669921875,42.00421905517578,41.32096481323242,<50
B,IMG_290.jpg,119,37,37,0.5700404644012451,0.10810810810810811,200.0109100341797,34,34,0.5450134873390198,0.35294117647058826,204.67898525911218,59,67,59,0.49620258808135986,0.1016949152542373,30.14302635192871,92.55458068847656,92.00877380371094,50-200
B,IMG_291.jpg,177,39,39,0.507091760635376,0.05128205128205128,142.19198608398438,29,29,0.5366613864898682,0.20689655172413793,151.12209451609644,64,103,64,0.4968402087688446,0.03125,21.10833168029785,149.14097595214844,151.5677032470703,50-200
B,IMG_292.jpg,93,27,27,0.5952624678611755,0.0,223.31564331054688,27,27,0.5905344486236572,0.4074074074074074,222.73345947265625,65,74,65,0.5550907254219055,0.03076923076923077,29.965600967407227,84.16140747070312,83.78439331054688,50-200
B,IMG_293.jpg,327,38,38,0.5247724056243896,0.15789473684210525,193.9615936279297,29,29,0.5435497760772705,0.13793103448275862,198.06490773168105,106,128,106,0.47944557666778564,0.07547169811320754,25.03960609436035,309.14251708984375,309.4558410644531,200-500
B,IMG_294.jpg,46,32,32,0.6221857666969299,0.0625,195.87945556640625,34,34,0.635168731212616,0.11764705882352941,171.42515482622034,32,45,32,0.6244748830795288,0.0,35.35385513305664,39.67856979370117,39.99567413330078,<50
B,IMG_295.jpg,153,28,28,0.5501871705055237,0.0,207.39041137695312,20,20,0.5424968004226685,0.1,230.77570037841798,55,59,55,0.4642261266708374,0.0,31.474721908569336,143.6707305908203,142.37808227539062,50-200
B,IMG_296.jpg,28,30,30,0.6690251231193542,0.13333333333333333,192.98358154296875,37,37,0.6672822833061218,0.2972972972972973,166.13489645880622,29,30,29,0.5418477654457092,0.06896551724137931,36.74492263793945,29.165538787841797,29.34664535522461,<50
B,IMG_297.jpg,66,27,27,0.5662118792533875,0.14814814814814814,165.6581268310547,31,31,0.5691731572151184,0.25806451612903225,151.25474019204415,44,60,44,0.47089987993240356,0.09090909090909091,22.49537467956543,57.24885940551758,58.25265884399414,50-200
B,IMG_298.jpg,206,28,28,0.518794596195221,0.14285714285714285,202.13612365722656,24,24,0.5027360916137695,0.125,213.54754702250162,84,111,84,0.48727622628211975,0.023809523809523808,22.545495986938477,197.9228515625,196.74615478515625,200-500
B,IMG_299.jpg,98,37,37,0.555927038192749,0.05405405405405406,180.36965942382812,40,40,0.5014611482620239,0.2,166.96819725036622,74,76,74,0.5108246803283691,0.02702702702702703,26.044696807861328,95.25995635986328,95.57230377197266,50-200
B,IMG_300.jpg,196,29,29,0.6079806089401245,0.06896551724137931,184.75791931152344,32,32,0.541899561882019,0.125,180.78529286384583,78,108,78,0.49111053347587585,0.1282051282051282,22.09129524230957,167.90440368652344,168.22940063476562,50-200
B,IMG_301.jpg,33,36,36,0.6380035877227783,0.05555555555555555,198.38641357421875,39,39,0.5690852999687195,0.15384615384615385,184.85211563110352,27,33,27,0.6560970544815063,0.0,40.55756378173828,31.736421585083008,31.44662857055664,<50
B,IMG_302.jpg,79,34,34,0.5916685461997986,0.11764705882352941,152.29550170898438,30,30,0.6102398633956909,0.2,147.17031695048016,37,60,37,0.5170758366584778,0.0,29.62094497680664,81.37811279296875,81.9784927368164,50-200
B,IMG_303.jpg,68,33,33,0.5183076858520508,0.24242424242424243,206.92405700683594,28,28,0.4682755768299103,0.32142857142857145,206.73758261544364,52,81,52,0.5817866325378418,0.0,35.02401351928711,68.8767318725586,69.39290618896484,50-200
B,IMG_304.jpg,176,27,27,0.5874585509300232,0.0,180.7115020751953,22,22,0.58571857213974,0.0,190.01771545410156,68,94,68,0.48590800166130066,0.058823529411764705,21.42418098449707,173.78038024902344,173.29795837402344,50-200
B,IMG_305.jpg,110,35,35,0.5847903490066528,0.05714285714285714,136.59141540527344,27,27,0.5509697198867798,0.14814814814814814,146.06859277795863,50,63,50,0.5350319743156433,0.0,21.456787109375,92.62293243408203,90.51703643798828,50-200
B,IMG_306.jpg,230,36,36,0.5012905597686768,0.3333333333333333,213.30072021484375,30,30,0.4988904595375061,0.2,188.78521372477215,69,72,69,0.5023495554924011,0.057971014492753624,34.22478485107422,220.94448852539062,220.7959442138672,200-500
B,IMG_307.jpg,200,33,33,0.5515487194061279,0.0,158.9600372314453,24,24,0.49571967124938965,0.08333333333333333,186.12521107991537,60,89,60,0.4692899286746979,0.06666666666666667,21.320316314697266,192.19773864746094,194.61721801757812,200-500
B,IMG_308.jpg,47,33,33,0.5546197891235352,0.24242424242424243,196.4048614501953,36,36,0.5286847949028015,0.2777777777777778,171.8747468524509,42,56,42,0.6079222559928894,0.11904761904761904,33.56160354614258,47.0540657043457,46.5844612121582,<50
B,IMG_309.jpg,63,34,34,0.5136551856994629,0.14705882352941177,118.11290740966797,25,25,0.5607959032058716,0.36,132.90007568359374,32,51,32,0.6016988754272461,0.125,22.85772705078125,78.35087585449219,75.54110717773438,50-200
B,IMG_310.jpg,93,41,41,0.5556495189666748,0.04878048780487805,151.00051879882812,33,33,0.5555257797241211,0.24242424242424243,161.5550740559896,49,55,49,0.5303484201431274,0.0,31.121307373046875,85.95724487304688,86.219482421875,50-200
B,IMG_311.jpg,60,31,31,0.6237435340881348,0.22580645161290322,134.4156494140625,38,38,0.5893616676330566,0.2631578947368421,111.46258625231292,34,57,34,0.5494478344917297,0.0,23.807767868041992,53.53987121582031,52.67796325683594,50-200
B,IMG_312.jpg,51,36,36,0.531015932559967,0.1111111111111111,208.71151733398438,32,32,0.5340973138809204,0.5625,206.67018675804138,49,56,49,0.588871419429779,0.04081632653061224,38.432159423828125,50.15050506591797,49.296722412109375,50-200
B,IMG_313.jpg,29,29,29,0.6423059701919556,0.06896551724137931,160.2374725341797,30,30,0.6146689057350159,0.3333333333333333,149.74949509302775,25,33,25,0.6850660443305969,0.0,31.982587814331055,27.530820846557617,27.33707618713379,<50
B,IMG_314.jpg,51,35,35,0.6591883897781372,0.0,152.2617950439453,30,30,0.6765601634979248,0.13333333333333333,154.2185724258423,49,57,49,0.6157999634742737,0.08163265306122448,22.492900848388672,53.22282409667969,51.79212188720703,50-200
B,IMG_315.jpg,54,28,28,0.5712206959724426,0.14285714285714285,145.6204833984375,22,22,0.6474188566207886,0.0,145.07980225302956,27,35,27,0.4986984133720398,0.0,23.401662826538086,56.56256103515625,56.27522659301758,50-200
B,IMG_316.jpg,429,28,28,0.48640578985214233,0.07142857142857142,197.283935546875,27,27,0.518543004989624,0.2222222222222222,190.71159419307003,103,90,103,0.47040483355522156,0.019417475728155338,35.18169403076172,387.74761962890625,387.1596984863281,200-500
